debug 2025/06/17 13:50:04 Projects:  [{zhzf24w8jo86 git2go git2go Cosine cosine-stg true} {3a0kipihmuz6 cosine-monorepo cosine-monorepo Cosine cosine-stg false} {p0kel9d9u0g0 cosine-rl cosine-rl Cosine cosine-stg false} {jxtrljw9ugtq exo exo Cosine cosine-stg false} {dv5u2vgy2tsc experiments experiments Cosine cosine-stg false} {zpyq6g5i5rry genie-use genie-use Cosine cosine-stg false} {jv1ogp3k60pq nestjs-neo4j nestjs-neo4j Cosine cosine-stg false} {27e0n6esim25 next-js-saas-starter next-js-saas-starter Cosine cosine-stg false} {lxcet1afp6r8 swelancer-benchmark swelancer-benchmark Cosine cosine-stg false} {13xv5h1dh0lc swelancer-expensify-app swelancer-expensify-app Cosine cosine-stg false} {c4w4qrzzqhl5 vscode vscode Cosine cosine-stg false} {wpxyviz2zrp8 portfolio portfolio Cameron Nimmo qvzkuw5ud4dl false}]
debug 2025/06/17 13:50:14 Starting serve command
debug 2025/06/17 13:50:14 Received JSON message: {"connectedMessage":{"cliSessionId":"67c8vgduzzty","url":"localhost:3000"}}
debug 2025/06/17 13:50:14 Received connected message
debug 2025/06/17 13:50:14 Sending message to readCh &{67c8vgduzzty localhost:3000}
debug 2025/06/17 13:50:14 Connected:  &{67c8vgduzzty localhost:3000}
debug 2025/06/17 13:50:28 Enter:  enter
debug 2025/06/17 13:50:28 Received CLI command: {
  "requestId": "520a6629-3675-49da-84a4-d548dfbe6e2d",
  "Payload": {
    "CheckoutRequest": {
      "sha": "4b14d29c207e9969ea62a7fe07d490b036c14722"
    }
  }
}
debug 2025/06/17 13:50:28 Received CLI command requestId:"520a6629-3675-49da-84a4-d548dfbe6e2d" checkout_request:{sha:"4b14d29c207e9969ea62a7fe07d490b036c14722"}
debug 2025/06/17 13:50:29 Sending result: {
  "requestId": "520a6629-3675-49da-84a4-d548dfbe6e2d",
  "Payload": {
    "CheckoutResponse": {}
  }
}
debug 2025/06/17 13:50:29 Received JSON message: {"taskAttachedMessage":{"taskId":"8rfce0iy1km8","url":"http://localhost:3000/cosine-stg/git2go/task/8rfce0iy1km8"}}
debug 2025/06/17 13:50:29 Received task attached message
debug 2025/06/17 13:50:29 Sending message to readCh &{8rfce0iy1km8 http://localhost:3000/cosine-stg/git2go/task/8rfce0iy1km8}
debug 2025/06/17 13:50:29 Task attached:  &{8rfce0iy1km8 http://localhost:3000/cosine-stg/git2go/task/8rfce0iy1km8}
debug 2025/06/17 13:50:29 Create task response:  &{ http://localhost:3000/cosine-stg/git2go/task/8rfce0iy1km8}
debug 2025/06/17 13:50:30 Received CLI command: {
  "requestId": "5f3a1226-7123-412e-b327-ef83821ff035",
  "Payload": {
    "HeadAndBranchRequest": {
      "workspaceSessionId": "cli:744"
    }
  }
}
debug 2025/06/17 13:50:30 Received CLI command requestId:"5f3a1226-7123-412e-b327-ef83821ff035" head_and_branch_request:{workspaceSessionId:"cli:744"}
debug 2025/06/17 13:50:30 Sending result: {
  "requestId": "5f3a1226-7123-412e-b327-ef83821ff035",
  "Payload": {
    "HeadAndBranchResponse": {
      "head": "4b14d29c207e9969ea62a7fe07d490b036c14722",
      "branch": "HEAD"
    }
  }
}
debug 2025/06/17 13:50:30 Received CLI command: {
  "requestId": "2a633907-e598-46b9-b95b-c91e186e0212",
  "Payload": {
    "DiffRequest": {
      "workspaceSessionId": "cli:744",
      "sourceSha": "4b14d29c207e9969ea62a7fe07d490b036c14722",
      "includeUntracked": true
    }
  }
}
debug 2025/06/17 13:50:30 Received CLI command requestId:"2a633907-e598-46b9-b95b-c91e186e0212" diff_request:{workspaceSessionId:"cli:744" sourceSha:"4b14d29c207e9969ea62a7fe07d490b036c14722" includeUntracked:true}
debug 2025/06/17 13:50:30 Sending result: {
  "requestId": "2a633907-e598-46b9-b95b-c91e186e0212",
  "Payload": {
    "DiffResponse": {
      "diff": "diff --git a/debug.log b/debug.log\nnew file mode 100644\nindex 0000000..fda468f\n--- /dev/null\n+++ b/debug.log\n@@ -0,0 +1,56 @@\n+debug 2025/06/17 13:50:04 Projects:  [{zhzf24w8jo86 git2go git2go Cosine cosine-stg true} {3a0kipihmuz6 cosine-monorepo cosine-monorepo Cosine cosine-stg false} {p0kel9d9u0g0 cosine-rl cosine-rl Cosine cosine-stg false} {jxtrljw9ugtq exo exo Cosine cosine-stg false} {dv5u2vgy2tsc experiments experiments Cosine cosine-stg false} {zpyq6g5i5rry genie-use genie-use Cosine cosine-stg false} {jv1ogp3k60pq nestjs-neo4j nestjs-neo4j Cosine cosine-stg false} {27e0n6esim25 next-js-saas-starter next-js-saas-starter Cosine cosine-stg false} {lxcet1afp6r8 swelancer-benchmark swelancer-benchmark Cosine cosine-stg false} {13xv5h1dh0lc swelancer-expensify-app swelancer-expensify-app Cosine cosine-stg false} {c4w4qrzzqhl5 vscode vscode Cosine cosine-stg false} {wpxyviz2zrp8 portfolio portfolio Cameron Nimmo qvzkuw5ud4dl false}]\n+debug 2025/06/17 13:50:14 Starting serve command\n+debug 2025/06/17 13:50:14 Received JSON message: {\"connectedMessage\":{\"cliSessionId\":\"67c8vgduzzty\",\"url\":\"localhost:3000\"}}\n+debug 2025/06/17 13:50:14 Received connected message\n+debug 2025/06/17 13:50:14 Sending message to readCh \u0026{67c8vgduzzty localhost:3000}\n+debug 2025/06/17 13:50:14 Connected:  \u0026{67c8vgduzzty localhost:3000}\n+debug 2025/06/17 13:50:28 Enter:  enter\n+debug 2025/06/17 13:50:28 Received CLI command: {\n+  \"requestId\": \"520a6629-3675-49da-84a4-d548dfbe6e2d\",\n+  \"Payload\": {\n+    \"CheckoutRequest\": {\n+      \"sha\": \"4b14d29c207e9969ea62a7fe07d490b036c14722\"\n+    }\n+  }\n+}\n+debug 2025/06/17 13:50:28 Received CLI command requestId:\"520a6629-3675-49da-84a4-d548dfbe6e2d\" checkout_request:{sha:\"4b14d29c207e9969ea62a7fe07d490b036c14722\"}\n+debug 2025/06/17 13:50:29 Sending result: {\n+  \"requestId\": \"520a6629-3675-49da-84a4-d548dfbe6e2d\",\n+  \"Payload\": {\n+    \"CheckoutResponse\": {}\n+  }\n+}\n+debug 2025/06/17 13:50:29 Received JSON message: {\"taskAttachedMessage\":{\"taskId\":\"8rfce0iy1km8\",\"url\":\"http://localhost:3000/cosine-stg/git2go/task/8rfce0iy1km8\"}}\n+debug 2025/06/17 13:50:29 Received task attached message\n+debug 2025/06/17 13:50:29 Sending message to readCh \u0026{8rfce0iy1km8 http://localhost:3000/cosine-stg/git2go/task/8rfce0iy1km8}\n+debug 2025/06/17 13:50:29 Task attached:  \u0026{8rfce0iy1km8 http://localhost:3000/cosine-stg/git2go/task/8rfce0iy1km8}\n+debug 2025/06/17 13:50:29 Create task response:  \u0026{ http://localhost:3000/cosine-stg/git2go/task/8rfce0iy1km8}\n+debug 2025/06/17 13:50:30 Received CLI command: {\n+  \"requestId\": \"5f3a1226-7123-412e-b327-ef83821ff035\",\n+  \"Payload\": {\n+    \"HeadAndBranchRequest\": {\n+      \"workspaceSessionId\": \"cli:744\"\n+    }\n+  }\n+}\n+debug 2025/06/17 13:50:30 Received CLI command requestId:\"5f3a1226-7123-412e-b327-ef83821ff035\" head_and_branch_request:{workspaceSessionId:\"cli:744\"}\n+debug 2025/06/17 13:50:30 Sending result: {\n+  \"requestId\": \"5f3a1226-7123-412e-b327-ef83821ff035\",\n+  \"Payload\": {\n+    \"HeadAndBranchResponse\": {\n+      \"head\": \"4b14d29c207e9969ea62a7fe07d490b036c14722\",\n+      \"branch\": \"HEAD\"\n+    }\n+  }\n+}\n+debug 2025/06/17 13:50:30 Received CLI command: {\n+  \"requestId\": \"2a633907-e598-46b9-b95b-c91e186e0212\",\n+  \"Payload\": {\n+    \"DiffRequest\": {\n+      \"workspaceSessionId\": \"cli:744\",\n+      \"sourceSha\": \"4b14d29c207e9969ea62a7fe07d490b036c14722\",\n+      \"includeUntracked\": true\n+    }\n+  }\n+}\n+debug 2025/06/17 13:50:30 Received CLI command requestId:\"2a633907-e598-46b9-b95b-c91e186e0212\" diff_request:{workspaceSessionId:\"cli:744\" sourceSha:\"4b14d29c207e9969ea62a7fe07d490b036c14722\" includeUntracked:true}\n"
    }
  }
}
debug 2025/06/17 13:50:30 Received CLI command: {
  "requestId": "c4eb71ce-3097-4039-a8f2-3440f3ca8cef",
  "Payload": {
    "DiffRequest": {
      "workspaceSessionId": "cli:744",
      "sourceSha": "HEAD",
      "includeUntracked": true
    }
  }
}
debug 2025/06/17 13:50:30 Received CLI command requestId:"c4eb71ce-3097-4039-a8f2-3440f3ca8cef" diff_request:{workspaceSessionId:"cli:744" sourceSha:"HEAD" includeUntracked:true}
debug 2025/06/17 13:50:30 Sending result: {
  "requestId": "c4eb71ce-3097-4039-a8f2-3440f3ca8cef",
  "Payload": {
    "DiffResponse": {
      "diff": "diff --git a/debug.log b/debug.log\nnew file mode 100644\nindex 0000000..46051fb\n--- /dev/null\n+++ b/debug.log\n@@ -0,0 +1,75 @@\n+debug 2025/06/17 13:50:04 Projects:  [{zhzf24w8jo86 git2go git2go Cosine cosine-stg true} {3a0kipihmuz6 cosine-monorepo cosine-monorepo Cosine cosine-stg false} {p0kel9d9u0g0 cosine-rl cosine-rl Cosine cosine-stg false} {jxtrljw9ugtq exo exo Cosine cosine-stg false} {dv5u2vgy2tsc experiments experiments Cosine cosine-stg false} {zpyq6g5i5rry genie-use genie-use Cosine cosine-stg false} {jv1ogp3k60pq nestjs-neo4j nestjs-neo4j Cosine cosine-stg false} {27e0n6esim25 next-js-saas-starter next-js-saas-starter Cosine cosine-stg false} {lxcet1afp6r8 swelancer-benchmark swelancer-benchmark Cosine cosine-stg false} {13xv5h1dh0lc swelancer-expensify-app swelancer-expensify-app Cosine cosine-stg false} {c4w4qrzzqhl5 vscode vscode Cosine cosine-stg false} {wpxyviz2zrp8 portfolio portfolio Cameron Nimmo qvzkuw5ud4dl false}]\n+debug 2025/06/17 13:50:14 Starting serve command\n+debug 2025/06/17 13:50:14 Received JSON message: {\"connectedMessage\":{\"cliSessionId\":\"67c8vgduzzty\",\"url\":\"localhost:3000\"}}\n+debug 2025/06/17 13:50:14 Received connected message\n+debug 2025/06/17 13:50:14 Sending message to readCh \u0026{67c8vgduzzty localhost:3000}\n+debug 2025/06/17 13:50:14 Connected:  \u0026{67c8vgduzzty localhost:3000}\n+debug 2025/06/17 13:50:28 Enter:  enter\n+debug 2025/06/17 13:50:28 Received CLI command: {\n+  \"requestId\": \"520a6629-3675-49da-84a4-d548dfbe6e2d\",\n+  \"Payload\": {\n+    \"CheckoutRequest\": {\n+      \"sha\": \"4b14d29c207e9969ea62a7fe07d490b036c14722\"\n+    }\n+  }\n+}\n+debug 2025/06/17 13:50:28 Received CLI command requestId:\"520a6629-3675-49da-84a4-d548dfbe6e2d\" checkout_request:{sha:\"4b14d29c207e9969ea62a7fe07d490b036c14722\"}\n+debug 2025/06/17 13:50:29 Sending result: {\n+  \"requestId\": \"520a6629-3675-49da-84a4-d548dfbe6e2d\",\n+  \"Payload\": {\n+    \"CheckoutResponse\": {}\n+  }\n+}\n+debug 2025/06/17 13:50:29 Received JSON message: {\"taskAttachedMessage\":{\"taskId\":\"8rfce0iy1km8\",\"url\":\"http://localhost:3000/cosine-stg/git2go/task/8rfce0iy1km8\"}}\n+debug 2025/06/17 13:50:29 Received task attached message\n+debug 2025/06/17 13:50:29 Sending message to readCh \u0026{8rfce0iy1km8 http://localhost:3000/cosine-stg/git2go/task/8rfce0iy1km8}\n+debug 2025/06/17 13:50:29 Task attached:  \u0026{8rfce0iy1km8 http://localhost:3000/cosine-stg/git2go/task/8rfce0iy1km8}\n+debug 2025/06/17 13:50:29 Create task response:  \u0026{ http://localhost:3000/cosine-stg/git2go/task/8rfce0iy1km8}\n+debug 2025/06/17 13:50:30 Received CLI command: {\n+  \"requestId\": \"5f3a1226-7123-412e-b327-ef83821ff035\",\n+  \"Payload\": {\n+    \"HeadAndBranchRequest\": {\n+      \"workspaceSessionId\": \"cli:744\"\n+    }\n+  }\n+}\n+debug 2025/06/17 13:50:30 Received CLI command requestId:\"5f3a1226-7123-412e-b327-ef83821ff035\" head_and_branch_request:{workspaceSessionId:\"cli:744\"}\n+debug 2025/06/17 13:50:30 Sending result: {\n+  \"requestId\": \"5f3a1226-7123-412e-b327-ef83821ff035\",\n+  \"Payload\": {\n+    \"HeadAndBranchResponse\": {\n+      \"head\": \"4b14d29c207e9969ea62a7fe07d490b036c14722\",\n+      \"branch\": \"HEAD\"\n+    }\n+  }\n+}\n+debug 2025/06/17 13:50:30 Received CLI command: {\n+  \"requestId\": \"2a633907-e598-46b9-b95b-c91e186e0212\",\n+  \"Payload\": {\n+    \"DiffRequest\": {\n+      \"workspaceSessionId\": \"cli:744\",\n+      \"sourceSha\": \"4b14d29c207e9969ea62a7fe07d490b036c14722\",\n+      \"includeUntracked\": true\n+    }\n+  }\n+}\n+debug 2025/06/17 13:50:30 Received CLI command requestId:\"2a633907-e598-46b9-b95b-c91e186e0212\" diff_request:{workspaceSessionId:\"cli:744\" sourceSha:\"4b14d29c207e9969ea62a7fe07d490b036c14722\" includeUntracked:true}\n+debug 2025/06/17 13:50:30 Sending result: {\n+  \"requestId\": \"2a633907-e598-46b9-b95b-c91e186e0212\",\n+  \"Payload\": {\n+    \"DiffResponse\": {\n+      \"diff\": \"diff --git a/debug.log b/debug.log\\nnew file mode 100644\\nindex 0000000..fda468f\\n--- /dev/null\\n+++ b/debug.log\\n@@ -0,0 +1,56 @@\\n+debug 2025/06/17 13:50:04 Projects:  [{zhzf24w8jo86 git2go git2go Cosine cosine-stg true} {3a0kipihmuz6 cosine-monorepo cosine-monorepo Cosine cosine-stg false} {p0kel9d9u0g0 cosine-rl cosine-rl Cosine cosine-stg false} {jxtrljw9ugtq exo exo Cosine cosine-stg false} {dv5u2vgy2tsc experiments experiments Cosine cosine-stg false} {zpyq6g5i5rry genie-use genie-use Cosine cosine-stg false} {jv1ogp3k60pq nestjs-neo4j nestjs-neo4j Cosine cosine-stg false} {27e0n6esim25 next-js-saas-starter next-js-saas-starter Cosine cosine-stg false} {lxcet1afp6r8 swelancer-benchmark swelancer-benchmark Cosine cosine-stg false} {13xv5h1dh0lc swelancer-expensify-app swelancer-expensify-app Cosine cosine-stg false} {c4w4qrzzqhl5 vscode vscode Cosine cosine-stg false} {wpxyviz2zrp8 portfolio portfolio Cameron Nimmo qvzkuw5ud4dl false}]\\n+debug 2025/06/17 13:50:14 Starting serve command\\n+debug 2025/06/17 13:50:14 Received JSON message: {\\\"connectedMessage\\\":{\\\"cliSessionId\\\":\\\"67c8vgduzzty\\\",\\\"url\\\":\\\"localhost:3000\\\"}}\\n+debug 2025/06/17 13:50:14 Received connected message\\n+debug 2025/06/17 13:50:14 Sending message to readCh \\u0026{67c8vgduzzty localhost:3000}\\n+debug 2025/06/17 13:50:14 Connected:  \\u0026{67c8vgduzzty localhost:3000}\\n+debug 2025/06/17 13:50:28 Enter:  enter\\n+debug 2025/06/17 13:50:28 Received CLI command: {\\n+  \\\"requestId\\\": \\\"520a6629-3675-49da-84a4-d548dfbe6e2d\\\",\\n+  \\\"Payload\\\": {\\n+    \\\"CheckoutRequest\\\": {\\n+      \\\"sha\\\": \\\"4b14d29c207e9969ea62a7fe07d490b036c14722\\\"\\n+    }\\n+  }\\n+}\\n+debug 2025/06/17 13:50:28 Received CLI command requestId:\\\"520a6629-3675-49da-84a4-d548dfbe6e2d\\\" checkout_request:{sha:\\\"4b14d29c207e9969ea62a7fe07d490b036c14722\\\"}\\n+debug 2025/06/17 13:50:29 Sending result: {\\n+  \\\"requestId\\\": \\\"520a6629-3675-49da-84a4-d548dfbe6e2d\\\",\\n+  \\\"Payload\\\": {\\n+    \\\"CheckoutResponse\\\": {}\\n+  }\\n+}\\n+debug 2025/06/17 13:50:29 Received JSON message: {\\\"taskAttachedMessage\\\":{\\\"taskId\\\":\\\"8rfce0iy1km8\\\",\\\"url\\\":\\\"http://localhost:3000/cosine-stg/git2go/task/8rfce0iy1km8\\\"}}\\n+debug 2025/06/17 13:50:29 Received task attached message\\n+debug 2025/06/17 13:50:29 Sending message to readCh \\u0026{8rfce0iy1km8 http://localhost:3000/cosine-stg/git2go/task/8rfce0iy1km8}\\n+debug 2025/06/17 13:50:29 Task attached:  \\u0026{8rfce0iy1km8 http://localhost:3000/cosine-stg/git2go/task/8rfce0iy1km8}\\n+debug 2025/06/17 13:50:29 Create task response:  \\u0026{ http://localhost:3000/cosine-stg/git2go/task/8rfce0iy1km8}\\n+debug 2025/06/17 13:50:30 Received CLI command: {\\n+  \\\"requestId\\\": \\\"5f3a1226-7123-412e-b327-ef83821ff035\\\",\\n+  \\\"Payload\\\": {\\n+    \\\"HeadAndBranchRequest\\\": {\\n+      \\\"workspaceSessionId\\\": \\\"cli:744\\\"\\n+    }\\n+  }\\n+}\\n+debug 2025/06/17 13:50:30 Received CLI command requestId:\\\"5f3a1226-7123-412e-b327-ef83821ff035\\\" head_and_branch_request:{workspaceSessionId:\\\"cli:744\\\"}\\n+debug 2025/06/17 13:50:30 Sending result: {\\n+  \\\"requestId\\\": \\\"5f3a1226-7123-412e-b327-ef83821ff035\\\",\\n+  \\\"Payload\\\": {\\n+    \\\"HeadAndBranchResponse\\\": {\\n+      \\\"head\\\": \\\"4b14d29c207e9969ea62a7fe07d490b036c14722\\\",\\n+      \\\"branch\\\": \\\"HEAD\\\"\\n+    }\\n+  }\\n+}\\n+debug 2025/06/17 13:50:30 Received CLI command: {\\n+  \\\"requestId\\\": \\\"2a633907-e598-46b9-b95b-c91e186e0212\\\",\\n+  \\\"Payload\\\": {\\n+    \\\"DiffRequest\\\": {\\n+      \\\"workspaceSessionId\\\": \\\"cli:744\\\",\\n+      \\\"sourceSha\\\": \\\"4b14d29c207e9969ea62a7fe07d490b036c14722\\\",\\n+      \\\"includeUntracked\\\": true\\n+    }\\n+  }\\n+}\\n+debug 2025/06/17 13:50:30 Received CLI command requestId:\\\"2a633907-e598-46b9-b95b-c91e186e0212\\\" diff_request:{workspaceSessionId:\\\"cli:744\\\" sourceSha:\\\"4b14d29c207e9969ea62a7fe07d490b036c14722\\\" includeUntracked:true}\\n\"\n+    }\n+  }\n+}\n+debug 2025/06/17 13:50:30 Received CLI command: {\n+  \"requestId\": \"c4eb71ce-3097-4039-a8f2-3440f3ca8cef\",\n+  \"Payload\": {\n+    \"DiffRequest\": {\n+      \"workspaceSessionId\": \"cli:744\",\n+      \"sourceSha\": \"HEAD\",\n+      \"includeUntracked\": true\n+    }\n+  }\n+}\n+debug 2025/06/17 13:50:30 Received CLI command requestId:\"c4eb71ce-3097-4039-a8f2-3440f3ca8cef\" diff_request:{workspaceSessionId:\"cli:744\" sourceSha:\"HEAD\" includeUntracked:true}\n"
    }
  }
}
debug 2025/06/17 13:50:30 Received CLI command: {
  "requestId": "3bc69592-3114-4660-b556-584c3b44b21e",
  "Payload": {
    "TreeV2Request": {
      "workspaceSessionId": "cli:744",
      "format": 1,
      "maxDepth": 1
    }
  }
}
debug 2025/06/17 13:50:30 Received CLI command requestId:"3bc69592-3114-4660-b556-584c3b44b21e" tree_v2_request:{workspaceSessionId:"cli:744" format:STRING maxDepth:1}
debug 2025/06/17 13:50:30 Sending result: {
  "requestId": "3bc69592-3114-4660-b556-584c3b44b21e",
  "Payload": {
    "TreeV2Response": {
      "file": [
        " Build_bundled_static.go\n Build_system_dynamic.go\n Build_system_static.go\n Makefile\n README.md\n blame.go\n blame_test.go\n blob.go\n blob_test.go\n branch.go\n branch_test.go\n checkout.go\n cherrypick.go\n cherrypick_test.go\n clone.go\n clone_test.go\n commit.go\n config.go\n config_test.go\n credentials.go\n delta_string.go\n deprecated.go\n describe.go\n describe_test.go\n diff.go\n diff_test.go\n difflinetype_string.go\n errorclass_string.go\n errorcode_string.go\n features.go\n git.go\n git_test.go\n graph.go\n graph_test.go\n handles.go\n http.go\n ignore.go\n index.go\n index_test.go\n indexer.go\n indexer_test.go\n mempack.go\n mempack_test.go\n merge.go\n merge_test.go\n message.go\n message_test.go\n note.go\n note_test.go\n object.go\n object_test.go\n odb.go\n odb_test.go\n packbuilder.go\n patch.go\n patch_test.go\n push_test.go\n rebase.go\n rebase_test.go\n refdb.go\n reference.go\n reference_test.go\n refspec.go\n refspec_test.go\n remote.go\n remote_test.go\n repository.go\n repository_test.go\n reset.go\n reset_test.go\n revert.go\n revert_test.go\n revparse.go\n revparse_test.go\n script/\n settings.go\n settings_test.go\n signature.go\n ssh.go\n stash.go\n stash_test.go\n status.go\n status_test.go\n submodule.go\n submodule_test.go\n tag.go\n tag_test.go\n testdata/\n transport.go\n transport_test.go\n tree.go\n tree_test.go\n vendor/\n walk.go\n wrapper.c\n"
      ],
      "count": 96
    }
  }
}
debug 2025/06/17 13:50:30 Received CLI command: {
  "requestId": "b41bdc98-23a6-4e33-94b7-c4a33a5f09c4",
  "Payload": {
    "FileRequest": {
      "workspaceSessionId": "cli:744",
      "file": "debug.log"
    }
  }
}
debug 2025/06/17 13:50:30 Received CLI command requestId:"b41bdc98-23a6-4e33-94b7-c4a33a5f09c4" file_request:{workspaceSessionId:"cli:744" file:"debug.log"}
debug 2025/06/17 13:50:30 Sending result: {
  "requestId": "b41bdc98-23a6-4e33-94b7-c4a33a5f09c4",
  "Payload": {
    "FileResponse": {
      "file": {
        "path": "debug.log",
        "content": "debug 2025/06/17 13:50:04 Projects:  [{zhzf24w8jo86 git2go git2go Cosine cosine-stg true} {3a0kipihmuz6 cosine-monorepo cosine-monorepo Cosine cosine-stg false} {p0kel9d9u0g0 cosine-rl cosine-rl Cosine cosine-stg false} {jxtrljw9ugtq exo exo Cosine cosine-stg false} {dv5u2vgy2tsc experiments experiments Cosine cosine-stg false} {zpyq6g5i5rry genie-use genie-use Cosine cosine-stg false} {jv1ogp3k60pq nestjs-neo4j nestjs-neo4j Cosine cosine-stg false} {27e0n6esim25 next-js-saas-starter next-js-saas-starter Cosine cosine-stg false} {lxcet1afp6r8 swelancer-benchmark swelancer-benchmark Cosine cosine-stg false} {13xv5h1dh0lc swelancer-expensify-app swelancer-expensify-app Cosine cosine-stg false} {c4w4qrzzqhl5 vscode vscode Cosine cosine-stg false} {wpxyviz2zrp8 portfolio portfolio Cameron Nimmo qvzkuw5ud4dl false}]\ndebug 2025/06/17 13:50:14 Starting serve command\ndebug 2025/06/17 13:50:14 Received JSON message: {\"connectedMessage\":{\"cliSessionId\":\"67c8vgduzzty\",\"url\":\"localhost:3000\"}}\ndebug 2025/06/17 13:50:14 Received connected message\ndebug 2025/06/17 13:50:14 Sending message to readCh \u0026{67c8vgduzzty localhost:3000}\ndebug 2025/06/17 13:50:14 Connected:  \u0026{67c8vgduzzty localhost:3000}\ndebug 2025/06/17 13:50:28 Enter:  enter\ndebug 2025/06/17 13:50:28 Received CLI command: {\n  \"requestId\": \"520a6629-3675-49da-84a4-d548dfbe6e2d\",\n  \"Payload\": {\n    \"CheckoutRequest\": {\n      \"sha\": \"4b14d29c207e9969ea62a7fe07d490b036c14722\"\n    }\n  }\n}\ndebug 2025/06/17 13:50:28 Received CLI command requestId:\"520a6629-3675-49da-84a4-d548dfbe6e2d\" checkout_request:{sha:\"4b14d29c207e9969ea62a7fe07d490b036c14722\"}\ndebug 2025/06/17 13:50:29 Sending result: {\n  \"requestId\": \"520a6629-3675-49da-84a4-d548dfbe6e2d\",\n  \"Payload\": {\n    \"CheckoutResponse\": {}\n  }\n}\ndebug 2025/06/17 13:50:29 Received JSON message: {\"taskAttachedMessage\":{\"taskId\":\"8rfce0iy1km8\",\"url\":\"http://localhost:3000/cosine-stg/git2go/task/8rfce0iy1km8\"}}\ndebug 2025/06/17 13:50:29 Received task attached message\ndebug 2025/06/17 13:50:29 Sending message to readCh \u0026{8rfce0iy1km8 http://localhost:3000/cosine-stg/git2go/task/8rfce0iy1km8}\ndebug 2025/06/17 13:50:29 Task attached:  \u0026{8rfce0iy1km8 http://localhost:3000/cosine-stg/git2go/task/8rfce0iy1km8}\ndebug 2025/06/17 13:50:29 Create task response:  \u0026{ http://localhost:3000/cosine-stg/git2go/task/8rfce0iy1km8}\ndebug 2025/06/17 13:50:30 Received CLI command: {\n  \"requestId\": \"5f3a1226-7123-412e-b327-ef83821ff035\",\n  \"Payload\": {\n    \"HeadAndBranchRequest\": {\n      \"workspaceSessionId\": \"cli:744\"\n    }\n  }\n}\ndebug 2025/06/17 13:50:30 Received CLI command requestId:\"5f3a1226-7123-412e-b327-ef83821ff035\" head_and_branch_request:{workspaceSessionId:\"cli:744\"}\ndebug 2025/06/17 13:50:30 Sending result: {\n  \"requestId\": \"5f3a1226-7123-412e-b327-ef83821ff035\",\n  \"Payload\": {\n    \"HeadAndBranchResponse\": {\n      \"head\": \"4b14d29c207e9969ea62a7fe07d490b036c14722\",\n      \"branch\": \"HEAD\"\n    }\n  }\n}\ndebug 2025/06/17 13:50:30 Received CLI command: {\n  \"requestId\": \"2a633907-e598-46b9-b95b-c91e186e0212\",\n  \"Payload\": {\n    \"DiffRequest\": {\n      \"workspaceSessionId\": \"cli:744\",\n      \"sourceSha\": \"4b14d29c207e9969ea62a7fe07d490b036c14722\",\n      \"includeUntracked\": true\n    }\n  }\n}\ndebug 2025/06/17 13:50:30 Received CLI command requestId:\"2a633907-e598-46b9-b95b-c91e186e0212\" diff_request:{workspaceSessionId:\"cli:744\" sourceSha:\"4b14d29c207e9969ea62a7fe07d490b036c14722\" includeUntracked:true}\ndebug 2025/06/17 13:50:30 Sending result: {\n  \"requestId\": \"2a633907-e598-46b9-b95b-c91e186e0212\",\n  \"Payload\": {\n    \"DiffResponse\": {\n      \"diff\": \"diff --git a/debug.log b/debug.log\\nnew file mode 100644\\nindex 0000000..fda468f\\n--- /dev/null\\n+++ b/debug.log\\n@@ -0,0 +1,56 @@\\n+debug 2025/06/17 13:50:04 Projects:  [{zhzf24w8jo86 git2go git2go Cosine cosine-stg true} {3a0kipihmuz6 cosine-monorepo cosine-monorepo Cosine cosine-stg false} {p0kel9d9u0g0 cosine-rl cosine-rl Cosine cosine-stg false} {jxtrljw9ugtq exo exo Cosine cosine-stg false} {dv5u2vgy2tsc experiments experiments Cosine cosine-stg false} {zpyq6g5i5rry genie-use genie-use Cosine cosine-stg false} {jv1ogp3k60pq nestjs-neo4j nestjs-neo4j Cosine cosine-stg false} {27e0n6esim25 next-js-saas-starter next-js-saas-starter Cosine cosine-stg false} {lxcet1afp6r8 swelancer-benchmark swelancer-benchmark Cosine cosine-stg false} {13xv5h1dh0lc swelancer-expensify-app swelancer-expensify-app Cosine cosine-stg false} {c4w4qrzzqhl5 vscode vscode Cosine cosine-stg false} {wpxyviz2zrp8 portfolio portfolio Cameron Nimmo qvzkuw5ud4dl false}]\\n+debug 2025/06/17 13:50:14 Starting serve command\\n+debug 2025/06/17 13:50:14 Received JSON message: {\\\"connectedMessage\\\":{\\\"cliSessionId\\\":\\\"67c8vgduzzty\\\",\\\"url\\\":\\\"localhost:3000\\\"}}\\n+debug 2025/06/17 13:50:14 Received connected message\\n+debug 2025/06/17 13:50:14 Sending message to readCh \\u0026{67c8vgduzzty localhost:3000}\\n+debug 2025/06/17 13:50:14 Connected:  \\u0026{67c8vgduzzty localhost:3000}\\n+debug 2025/06/17 13:50:28 Enter:  enter\\n+debug 2025/06/17 13:50:28 Received CLI command: {\\n+  \\\"requestId\\\": \\\"520a6629-3675-49da-84a4-d548dfbe6e2d\\\",\\n+  \\\"Payload\\\": {\\n+    \\\"CheckoutRequest\\\": {\\n+      \\\"sha\\\": \\\"4b14d29c207e9969ea62a7fe07d490b036c14722\\\"\\n+    }\\n+  }\\n+}\\n+debug 2025/06/17 13:50:28 Received CLI command requestId:\\\"520a6629-3675-49da-84a4-d548dfbe6e2d\\\" checkout_request:{sha:\\\"4b14d29c207e9969ea62a7fe07d490b036c14722\\\"}\\n+debug 2025/06/17 13:50:29 Sending result: {\\n+  \\\"requestId\\\": \\\"520a6629-3675-49da-84a4-d548dfbe6e2d\\\",\\n+  \\\"Payload\\\": {\\n+    \\\"CheckoutResponse\\\": {}\\n+  }\\n+}\\n+debug 2025/06/17 13:50:29 Received JSON message: {\\\"taskAttachedMessage\\\":{\\\"taskId\\\":\\\"8rfce0iy1km8\\\",\\\"url\\\":\\\"http://localhost:3000/cosine-stg/git2go/task/8rfce0iy1km8\\\"}}\\n+debug 2025/06/17 13:50:29 Received task attached message\\n+debug 2025/06/17 13:50:29 Sending message to readCh \\u0026{8rfce0iy1km8 http://localhost:3000/cosine-stg/git2go/task/8rfce0iy1km8}\\n+debug 2025/06/17 13:50:29 Task attached:  \\u0026{8rfce0iy1km8 http://localhost:3000/cosine-stg/git2go/task/8rfce0iy1km8}\\n+debug 2025/06/17 13:50:29 Create task response:  \\u0026{ http://localhost:3000/cosine-stg/git2go/task/8rfce0iy1km8}\\n+debug 2025/06/17 13:50:30 Received CLI command: {\\n+  \\\"requestId\\\": \\\"5f3a1226-7123-412e-b327-ef83821ff035\\\",\\n+  \\\"Payload\\\": {\\n+    \\\"HeadAndBranchRequest\\\": {\\n+      \\\"workspaceSessionId\\\": \\\"cli:744\\\"\\n+    }\\n+  }\\n+}\\n+debug 2025/06/17 13:50:30 Received CLI command requestId:\\\"5f3a1226-7123-412e-b327-ef83821ff035\\\" head_and_branch_request:{workspaceSessionId:\\\"cli:744\\\"}\\n+debug 2025/06/17 13:50:30 Sending result: {\\n+  \\\"requestId\\\": \\\"5f3a1226-7123-412e-b327-ef83821ff035\\\",\\n+  \\\"Payload\\\": {\\n+    \\\"HeadAndBranchResponse\\\": {\\n+      \\\"head\\\": \\\"4b14d29c207e9969ea62a7fe07d490b036c14722\\\",\\n+      \\\"branch\\\": \\\"HEAD\\\"\\n+    }\\n+  }\\n+}\\n+debug 2025/06/17 13:50:30 Received CLI command: {\\n+  \\\"requestId\\\": \\\"2a633907-e598-46b9-b95b-c91e186e0212\\\",\\n+  \\\"Payload\\\": {\\n+    \\\"DiffRequest\\\": {\\n+      \\\"workspaceSessionId\\\": \\\"cli:744\\\",\\n+      \\\"sourceSha\\\": \\\"4b14d29c207e9969ea62a7fe07d490b036c14722\\\",\\n+      \\\"includeUntracked\\\": true\\n+    }\\n+  }\\n+}\\n+debug 2025/06/17 13:50:30 Received CLI command requestId:\\\"2a633907-e598-46b9-b95b-c91e186e0212\\\" diff_request:{workspaceSessionId:\\\"cli:744\\\" sourceSha:\\\"4b14d29c207e9969ea62a7fe07d490b036c14722\\\" includeUntracked:true}\\n\"\n    }\n  }\n}\ndebug 2025/06/17 13:50:30 Received CLI command: {\n  \"requestId\": \"c4eb71ce-3097-4039-a8f2-3440f3ca8cef\",\n  \"Payload\": {\n    \"DiffRequest\": {\n      \"workspaceSessionId\": \"cli:744\",\n      \"sourceSha\": \"HEAD\",\n      \"includeUntracked\": true\n    }\n  }\n}\ndebug 2025/06/17 13:50:30 Received CLI command requestId:\"c4eb71ce-3097-4039-a8f2-3440f3ca8cef\" diff_request:{workspaceSessionId:\"cli:744\" sourceSha:\"HEAD\" includeUntracked:true}\ndebug 2025/06/17 13:50:30 Sending result: {\n  \"requestId\": \"c4eb71ce-3097-4039-a8f2-3440f3ca8cef\",\n  \"Payload\": {\n    \"DiffResponse\": {\n      \"diff\": \"diff --git a/debug.log b/debug.log\\nnew file mode 100644\\nindex 0000000..46051fb\\n--- /dev/null\\n+++ b/debug.log\\n@@ -0,0 +1,75 @@\\n+debug 2025/06/17 13:50:04 Projects:  [{zhzf24w8jo86 git2go git2go Cosine cosine-stg true} {3a0kipihmuz6 cosine-monorepo cosine-monorepo Cosine cosine-stg false} {p0kel9d9u0g0 cosine-rl cosine-rl Cosine cosine-stg false} {jxtrljw9ugtq exo exo Cosine cosine-stg false} {dv5u2vgy2tsc experiments experiments Cosine cosine-stg false} {zpyq6g5i5rry genie-use genie-use Cosine cosine-stg false} {jv1ogp3k60pq nestjs-neo4j nestjs-neo4j Cosine cosine-stg false} {27e0n6esim25 next-js-saas-starter next-js-saas-starter Cosine cosine-stg false} {lxcet1afp6r8 swelancer-benchmark swelancer-benchmark Cosine cosine-stg false} {13xv5h1dh0lc swelancer-expensify-app swelancer-expensify-app Cosine cosine-stg false} {c4w4qrzzqhl5 vscode vscode Cosine cosine-stg false} {wpxyviz2zrp8 portfolio portfolio Cameron Nimmo qvzkuw5ud4dl false}]\\n+debug 2025/06/17 13:50:14 Starting serve command\\n+debug 2025/06/17 13:50:14 Received JSON message: {\\\"connectedMessage\\\":{\\\"cliSessionId\\\":\\\"67c8vgduzzty\\\",\\\"url\\\":\\\"localhost:3000\\\"}}\\n+debug 2025/06/17 13:50:14 Received connected message\\n+debug 2025/06/17 13:50:14 Sending message to readCh \\u0026{67c8vgduzzty localhost:3000}\\n+debug 2025/06/17 13:50:14 Connected:  \\u0026{67c8vgduzzty localhost:3000}\\n+debug 2025/06/17 13:50:28 Enter:  enter\\n+debug 2025/06/17 13:50:28 Received CLI command: {\\n+  \\\"requestId\\\": \\\"520a6629-3675-49da-84a4-d548dfbe6e2d\\\",\\n+  \\\"Payload\\\": {\\n+    \\\"CheckoutRequest\\\": {\\n+      \\\"sha\\\": \\\"4b14d29c207e9969ea62a7fe07d490b036c14722\\\"\\n+    }\\n+  }\\n+}\\n+debug 2025/06/17 13:50:28 Received CLI command requestId:\\\"520a6629-3675-49da-84a4-d548dfbe6e2d\\\" checkout_request:{sha:\\\"4b14d29c207e9969ea62a7fe07d490b036c14722\\\"}\\n+debug 2025/06/17 13:50:29 Sending result: {\\n+  \\\"requestId\\\": \\\"520a6629-3675-49da-84a4-d548dfbe6e2d\\\",\\n+  \\\"Payload\\\": {\\n+    \\\"CheckoutResponse\\\": {}\\n+  }\\n+}\\n+debug 2025/06/17 13:50:29 Received JSON message: {\\\"taskAttachedMessage\\\":{\\\"taskId\\\":\\\"8rfce0iy1km8\\\",\\\"url\\\":\\\"http://localhost:3000/cosine-stg/git2go/task/8rfce0iy1km8\\\"}}\\n+debug 2025/06/17 13:50:29 Received task attached message\\n+debug 2025/06/17 13:50:29 Sending message to readCh \\u0026{8rfce0iy1km8 http://localhost:3000/cosine-stg/git2go/task/8rfce0iy1km8}\\n+debug 2025/06/17 13:50:29 Task attached:  \\u0026{8rfce0iy1km8 http://localhost:3000/cosine-stg/git2go/task/8rfce0iy1km8}\\n+debug 2025/06/17 13:50:29 Create task response:  \\u0026{ http://localhost:3000/cosine-stg/git2go/task/8rfce0iy1km8}\\n+debug 2025/06/17 13:50:30 Received CLI command: {\\n+  \\\"requestId\\\": \\\"5f3a1226-7123-412e-b327-ef83821ff035\\\",\\n+  \\\"Payload\\\": {\\n+    \\\"HeadAndBranchRequest\\\": {\\n+      \\\"workspaceSessionId\\\": \\\"cli:744\\\"\\n+    }\\n+  }\\n+}\\n+debug 2025/06/17 13:50:30 Received CLI command requestId:\\\"5f3a1226-7123-412e-b327-ef83821ff035\\\" head_and_branch_request:{workspaceSessionId:\\\"cli:744\\\"}\\n+debug 2025/06/17 13:50:30 Sending result: {\\n+  \\\"requestId\\\": \\\"5f3a1226-7123-412e-b327-ef83821ff035\\\",\\n+  \\\"Payload\\\": {\\n+    \\\"HeadAndBranchResponse\\\": {\\n+      \\\"head\\\": \\\"4b14d29c207e9969ea62a7fe07d490b036c14722\\\",\\n+      \\\"branch\\\": \\\"HEAD\\\"\\n+    }\\n+  }\\n+}\\n+debug 2025/06/17 13:50:30 Received CLI command: {\\n+  \\\"requestId\\\": \\\"2a633907-e598-46b9-b95b-c91e186e0212\\\",\\n+  \\\"Payload\\\": {\\n+    \\\"DiffRequest\\\": {\\n+      \\\"workspaceSessionId\\\": \\\"cli:744\\\",\\n+      \\\"sourceSha\\\": \\\"4b14d29c207e9969ea62a7fe07d490b036c14722\\\",\\n+      \\\"includeUntracked\\\": true\\n+    }\\n+  }\\n+}\\n+debug 2025/06/17 13:50:30 Received CLI command requestId:\\\"2a633907-e598-46b9-b95b-c91e186e0212\\\" diff_request:{workspaceSessionId:\\\"cli:744\\\" sourceSha:\\\"4b14d29c207e9969ea62a7fe07d490b036c14722\\\" includeUntracked:true}\\n+debug 2025/06/17 13:50:30 Sending result: {\\n+  \\\"requestId\\\": \\\"2a633907-e598-46b9-b95b-c91e186e0212\\\",\\n+  \\\"Payload\\\": {\\n+    \\\"DiffResponse\\\": {\\n+      \\\"diff\\\": \\\"diff --git a/debug.log b/debug.log\\\\nnew file mode 100644\\\\nindex 0000000..fda468f\\\\n--- /dev/null\\\\n+++ b/debug.log\\\\n@@ -0,0 +1,56 @@\\\\n+debug 2025/06/17 13:50:04 Projects:  [{zhzf24w8jo86 git2go git2go Cosine cosine-stg true} {3a0kipihmuz6 cosine-monorepo cosine-monorepo Cosine cosine-stg false} {p0kel9d9u0g0 cosine-rl cosine-rl Cosine cosine-stg false} {jxtrljw9ugtq exo exo Cosine cosine-stg false} {dv5u2vgy2tsc experiments experiments Cosine cosine-stg false} {zpyq6g5i5rry genie-use genie-use Cosine cosine-stg false} {jv1ogp3k60pq nestjs-neo4j nestjs-neo4j Cosine cosine-stg false} {27e0n6esim25 next-js-saas-starter next-js-saas-starter Cosine cosine-stg false} {lxcet1afp6r8 swelancer-benchmark swelancer-benchmark Cosine cosine-stg false} {13xv5h1dh0lc swelancer-expensify-app swelancer-expensify-app Cosine cosine-stg false} {c4w4qrzzqhl5 vscode vscode Cosine cosine-stg false} {wpxyviz2zrp8 portfolio portfolio Cameron Nimmo qvzkuw5ud4dl false}]\\\\n+debug 2025/06/17 13:50:14 Starting serve command\\\\n+debug 2025/06/17 13:50:14 Received JSON message: {\\\\\\\"connectedMessage\\\\\\\":{\\\\\\\"cliSessionId\\\\\\\":\\\\\\\"67c8vgduzzty\\\\\\\",\\\\\\\"url\\\\\\\":\\\\\\\"localhost:3000\\\\\\\"}}\\\\n+debug 2025/06/17 13:50:14 Received connected message\\\\n+debug 2025/06/17 13:50:14 Sending message to readCh \\\\u0026{67c8vgduzzty localhost:3000}\\\\n+debug 2025/06/17 13:50:14 Connected:  \\\\u0026{67c8vgduzzty localhost:3000}\\\\n+debug 2025/06/17 13:50:28 Enter:  enter\\\\n+debug 2025/06/17 13:50:28 Received CLI command: {\\\\n+  \\\\\\\"requestId\\\\\\\": \\\\\\\"520a6629-3675-49da-84a4-d548dfbe6e2d\\\\\\\",\\\\n+  \\\\\\\"Payload\\\\\\\": {\\\\n+    \\\\\\\"CheckoutRequest\\\\\\\": {\\\\n+      \\\\\\\"sha\\\\\\\": \\\\\\\"4b14d29c207e9969ea62a7fe07d490b036c14722\\\\\\\"\\\\n+    }\\\\n+  }\\\\n+}\\\\n+debug 2025/06/17 13:50:28 Received CLI command requestId:\\\\\\\"520a6629-3675-49da-84a4-d548dfbe6e2d\\\\\\\" checkout_request:{sha:\\\\\\\"4b14d29c207e9969ea62a7fe07d490b036c14722\\\\\\\"}\\\\n+debug 2025/06/17 13:50:29 Sending result: {\\\\n+  \\\\\\\"requestId\\\\\\\": \\\\\\\"520a6629-3675-49da-84a4-d548dfbe6e2d\\\\\\\",\\\\n+  \\\\\\\"Payload\\\\\\\": {\\\\n+    \\\\\\\"CheckoutResponse\\\\\\\": {}\\\\n+  }\\\\n+}\\\\n+debug 2025/06/17 13:50:29 Received JSON message: {\\\\\\\"taskAttachedMessage\\\\\\\":{\\\\\\\"taskId\\\\\\\":\\\\\\\"8rfce0iy1km8\\\\\\\",\\\\\\\"url\\\\\\\":\\\\\\\"http://localhost:3000/cosine-stg/git2go/task/8rfce0iy1km8\\\\\\\"}}\\\\n+debug 2025/06/17 13:50:29 Received task attached message\\\\n+debug 2025/06/17 13:50:29 Sending message to readCh \\\\u0026{8rfce0iy1km8 http://localhost:3000/cosine-stg/git2go/task/8rfce0iy1km8}\\\\n+debug 2025/06/17 13:50:29 Task attached:  \\\\u0026{8rfce0iy1km8 http://localhost:3000/cosine-stg/git2go/task/8rfce0iy1km8}\\\\n+debug 2025/06/17 13:50:29 Create task response:  \\\\u0026{ http://localhost:3000/cosine-stg/git2go/task/8rfce0iy1km8}\\\\n+debug 2025/06/17 13:50:30 Received CLI command: {\\\\n+  \\\\\\\"requestId\\\\\\\": \\\\\\\"5f3a1226-7123-412e-b327-ef83821ff035\\\\\\\",\\\\n+  \\\\\\\"Payload\\\\\\\": {\\\\n+    \\\\\\\"HeadAndBranchRequest\\\\\\\": {\\\\n+      \\\\\\\"workspaceSessionId\\\\\\\": \\\\\\\"cli:744\\\\\\\"\\\\n+    }\\\\n+  }\\\\n+}\\\\n+debug 2025/06/17 13:50:30 Received CLI command requestId:\\\\\\\"5f3a1226-7123-412e-b327-ef83821ff035\\\\\\\" head_and_branch_request:{workspaceSessionId:\\\\\\\"cli:744\\\\\\\"}\\\\n+debug 2025/06/17 13:50:30 Sending result: {\\\\n+  \\\\\\\"requestId\\\\\\\": \\\\\\\"5f3a1226-7123-412e-b327-ef83821ff035\\\\\\\",\\\\n+  \\\\\\\"Payload\\\\\\\": {\\\\n+    \\\\\\\"HeadAndBranchResponse\\\\\\\": {\\\\n+      \\\\\\\"head\\\\\\\": \\\\\\\"4b14d29c207e9969ea62a7fe07d490b036c14722\\\\\\\",\\\\n+      \\\\\\\"branch\\\\\\\": \\\\\\\"HEAD\\\\\\\"\\\\n+    }\\\\n+  }\\\\n+}\\\\n+debug 2025/06/17 13:50:30 Received CLI command: {\\\\n+  \\\\\\\"requestId\\\\\\\": \\\\\\\"2a633907-e598-46b9-b95b-c91e186e0212\\\\\\\",\\\\n+  \\\\\\\"Payload\\\\\\\": {\\\\n+    \\\\\\\"DiffRequest\\\\\\\": {\\\\n+      \\\\\\\"workspaceSessionId\\\\\\\": \\\\\\\"cli:744\\\\\\\",\\\\n+      \\\\\\\"sourceSha\\\\\\\": \\\\\\\"4b14d29c207e9969ea62a7fe07d490b036c14722\\\\\\\",\\\\n+      \\\\\\\"includeUntracked\\\\\\\": true\\\\n+    }\\\\n+  }\\\\n+}\\\\n+debug 2025/06/17 13:50:30 Received CLI command requestId:\\\\\\\"2a633907-e598-46b9-b95b-c91e186e0212\\\\\\\" diff_request:{workspaceSessionId:\\\\\\\"cli:744\\\\\\\" sourceSha:\\\\\\\"4b14d29c207e9969ea62a7fe07d490b036c14722\\\\\\\" includeUntracked:true}\\\\n\\\"\\n+    }\\n+  }\\n+}\\n+debug 2025/06/17 13:50:30 Received CLI command: {\\n+  \\\"requestId\\\": \\\"c4eb71ce-3097-4039-a8f2-3440f3ca8cef\\\",\\n+  \\\"Payload\\\": {\\n+    \\\"DiffRequest\\\": {\\n+      \\\"workspaceSessionId\\\": \\\"cli:744\\\",\\n+      \\\"sourceSha\\\": \\\"HEAD\\\",\\n+      \\\"includeUntracked\\\": true\\n+    }\\n+  }\\n+}\\n+debug 2025/06/17 13:50:30 Received CLI command requestId:\\\"c4eb71ce-3097-4039-a8f2-3440f3ca8cef\\\" diff_request:{workspaceSessionId:\\\"cli:744\\\" sourceSha:\\\"HEAD\\\" includeUntracked:true}\\n\"\n    }\n  }\n}\ndebug 2025/06/17 13:50:30 Received CLI command: {\n  \"requestId\": \"3bc69592-3114-4660-b556-584c3b44b21e\",\n  \"Payload\": {\n    \"TreeV2Request\": {\n      \"workspaceSessionId\": \"cli:744\",\n      \"format\": 1,\n      \"maxDepth\": 1\n    }\n  }\n}\ndebug 2025/06/17 13:50:30 Received CLI command requestId:\"3bc69592-3114-4660-b556-584c3b44b21e\" tree_v2_request:{workspaceSessionId:\"cli:744\" format:STRING maxDepth:1}\ndebug 2025/06/17 13:50:30 Sending result: {\n  \"requestId\": \"3bc69592-3114-4660-b556-584c3b44b21e\",\n  \"Payload\": {\n    \"TreeV2Response\": {\n      \"file\": [\n        \" Build_bundled_static.go\\n Build_system_dynamic.go\\n Build_system_static.go\\n Makefile\\n README.md\\n blame.go\\n blame_test.go\\n blob.go\\n blob_test.go\\n branch.go\\n branch_test.go\\n checkout.go\\n cherrypick.go\\n cherrypick_test.go\\n clone.go\\n clone_test.go\\n commit.go\\n config.go\\n config_test.go\\n credentials.go\\n delta_string.go\\n deprecated.go\\n describe.go\\n describe_test.go\\n diff.go\\n diff_test.go\\n difflinetype_string.go\\n errorclass_string.go\\n errorcode_string.go\\n features.go\\n git.go\\n git_test.go\\n graph.go\\n graph_test.go\\n handles.go\\n http.go\\n ignore.go\\n index.go\\n index_test.go\\n indexer.go\\n indexer_test.go\\n mempack.go\\n mempack_test.go\\n merge.go\\n merge_test.go\\n message.go\\n message_test.go\\n note.go\\n note_test.go\\n object.go\\n object_test.go\\n odb.go\\n odb_test.go\\n packbuilder.go\\n patch.go\\n patch_test.go\\n push_test.go\\n rebase.go\\n rebase_test.go\\n refdb.go\\n reference.go\\n reference_test.go\\n refspec.go\\n refspec_test.go\\n remote.go\\n remote_test.go\\n repository.go\\n repository_test.go\\n reset.go\\n reset_test.go\\n revert.go\\n revert_test.go\\n revparse.go\\n revparse_test.go\\n script/\\n settings.go\\n settings_test.go\\n signature.go\\n ssh.go\\n stash.go\\n stash_test.go\\n status.go\\n status_test.go\\n submodule.go\\n submodule_test.go\\n tag.go\\n tag_test.go\\n testdata/\\n transport.go\\n transport_test.go\\n tree.go\\n tree_test.go\\n vendor/\\n walk.go\\n wrapper.c\\n\"\n      ],\n      \"count\": 96\n    }\n  }\n}\ndebug 2025/06/17 13:50:30 Received CLI command: {\n  \"requestId\": \"b41bdc98-23a6-4e33-94b7-c4a33a5f09c4\",\n  \"Payload\": {\n    \"FileRequest\": {\n      \"workspaceSessionId\": \"cli:744\",\n      \"file\": \"debug.log\"\n    }\n  }\n}\ndebug 2025/06/17 13:50:30 Received CLI command requestId:\"b41bdc98-23a6-4e33-94b7-c4a33a5f09c4\" file_request:{workspaceSessionId:\"cli:744\" file:\"debug.log\"}\n"
      }
    }
  }
}
debug 2025/06/17 13:50:30 Received CLI command: {
  "requestId": "e847d33a-3fbe-4f3f-984c-daf9e7ab1f74",
  "Payload": {
    "TreeV2Request": {
      "workspaceSessionId": "cli:744",
      "format": 1,
      "maxDepth": 1,
      "filePath": "debug.log"
    }
  }
}
debug 2025/06/17 13:50:30 Received CLI command requestId:"e847d33a-3fbe-4f3f-984c-daf9e7ab1f74" tree_v2_request:{workspaceSessionId:"cli:744" format:STRING maxDepth:1 filePath:"debug.log"}
debug 2025/06/17 13:50:30 Generating partial tree list for [debug.log] with rootdir /Users/cameron/Documents/git2go
debug 2025/06/17 13:50:30 Generating partial tree for debug.log with rootdir /Users/cameron/Documents/git2go
debug 2025/06/17 13:50:30 Generating partial tree list for [debug.log] with rootdir /Users/cameron/Documents/git2go
debug 2025/06/17 13:50:30 Sending result: {
  "requestId": "e847d33a-3fbe-4f3f-984c-daf9e7ab1f74",
  "Payload": {
    "TreeV2Response": {
      "file": [
        "         debug.log\n         .git/\n         .github/\n         .gitignore\n         .gitmodules\n         Build_bundled_static.go\n         Build_system_dynamic.go\n         Build_system_static.go\n         LICENSE\n         Makefile\n         README.md\n         blame.go\n         blame_test.go\n         blob.go\n         blob_test.go\n         branch.go\n         branch_test.go\n         checkout.go\n         cherrypick.go\n         cherrypick_test.go\n         clone.go\n         clone_test.go\n         commit.go\n         config.go\n         config_test.go\n         credentials.go\n         delta_string.go\n         deprecated.go\n         describe.go\n         describe_test.go\n         diff.go\n         diff_test.go\n         difflinetype_string.go\n         errorclass_string.go\n         errorcode_string.go\n         features.go\n         git.go\n         git_test.go\n         go.mod\n         go.sum\n         graph.go\n         graph_test.go\n         handles.go\n         http.go\n         ignore.go\n         index.go\n         index_test.go\n         indexer.go\n         indexer_test.go\n         mempack.go\n         mempack_test.go\n         merge.go\n         merge_test.go\n         message.go\n         message_test.go\n         note.go\n         note_test.go\n         object.go\n         object_test.go\n         odb.go\n         odb_test.go\n         packbuilder.go\n         patch.go\n         patch_test.go\n         push_test.go\n         rebase.go\n         rebase_test.go\n         refdb.go\n         reference.go\n         reference_test.go\n         refspec.go\n         refspec_test.go\n         remote.go\n         remote_test.go\n         repository.go\n         repository_test.go\n         reset.go\n         reset_test.go\n         revert.go\n         revert_test.go\n         revparse.go\n         revparse_test.go\n         script/\n         settings.go\n         settings_test.go\n         signature.go\n         ssh.go\n         stash.go\n         stash_test.go\n         status.go\n         status_test.go\n         submodule.go\n         submodule_test.go\n         tag.go\n         tag_test.go\n         testdata/\n         transport.go\n         transport_test.go\n         tree.go\n         tree_test.go\n         vendor/\n         walk.go\n         wrapper.c"
      ],
      "count": 103
    }
  }
}
debug 2025/06/17 13:50:34 Received CLI command: {
  "requestId": "74339702-9d6a-48c3-bfe4-c30fec0ced5e",
  "Payload": {
    "FileRequest": {
      "workspaceSessionId": "cli:744",
      "file": "fib.go"
    }
  }
}
debug 2025/06/17 13:50:34 Received CLI command requestId:"74339702-9d6a-48c3-bfe4-c30fec0ced5e" file_request:{workspaceSessionId:"cli:744" file:"fib.go"}
debug 2025/06/17 13:50:34 Sending result: {
  "requestId": "74339702-9d6a-48c3-bfe4-c30fec0ced5e",
  "Payload": {
    "FileResponse": {}
  }
}
debug 2025/06/17 13:50:38 Received CLI command: {
  "requestId": "9ff0f55b-5cbc-43a0-b77b-0549b9f1214c",
  "Payload": {
    "ApplyCodeChangeRequest": {
      "workspaceSessionId": "cli:744",
      "change": "\u003cbof\u003e\n// fib.go\n// Package main provides a Fibonacci sequence generator using Go channels.\npackage main\n\nimport \"fmt\"\n\n// FibGenerator returns a channel that produces Fibonacci numbers up to n values.\n// If n is 0, it generates an infinite sequence (caller must break).\nfunc FibGenerator(n int) \u003c-chan int {\n\tch := make(chan int)\n\tgo func() {\n\t\tdefer close(ch)\n\t\ta, b := 0, 1\n\t\tcount := 0\n\t\tfor {\n\t\t\tif n \u003e 0 \u0026\u0026 count \u003e= n {\n\t\t\t\treturn\n\t\t\t}\n\t\t\tch \u003c- a\n\t\t\ta, b = b, a+b\n\t\t\tcount++\n\t\t}\n\t}()\n\treturn ch\n}\n\n// Example usage\nfunc main() {\n\tfmt.Println(\"First 10 Fibonacci numbers:\")\n\tfor num := range FibGenerator(10) {\n\t\tfmt.Print(num, \" \")\n\t}\n\tfmt.Println()\n}\n\n\u003ceof\u003e",
      "contextLinesLength": 15,
      "filePath": "fib.go"
    }
  }
}
debug 2025/06/17 13:50:38 Received CLI command requestId:"9ff0f55b-5cbc-43a0-b77b-0549b9f1214c" apply_code_change_request:{workspaceSessionId:"cli:744" change:"<bof>\n// fib.go\n// Package main provides a Fibonacci sequence generator using Go channels.\npackage main\n\nimport \"fmt\"\n\n// FibGenerator returns a channel that produces Fibonacci numbers up to n values.\n// If n is 0, it generates an infinite sequence (caller must break).\nfunc FibGenerator(n int) <-chan int {\n\tch := make(chan int)\n\tgo func() {\n\t\tdefer close(ch)\n\t\ta, b := 0, 1\n\t\tcount := 0\n\t\tfor {\n\t\t\tif n > 0 && count >= n {\n\t\t\t\treturn\n\t\t\t}\n\t\t\tch <- a\n\t\t\ta, b = b, a+b\n\t\t\tcount++\n\t\t}\n\t}()\n\treturn ch\n}\n\n// Example usage\nfunc main() {\n\tfmt.Println(\"First 10 Fibonacci numbers:\")\n\tfor num := range FibGenerator(10) {\n\t\tfmt.Print(num, \" \")\n\t}\n\tfmt.Println()\n}\n\n<eof>" contextLinesLength:15 filePath:"fib.go"}
debug 2025/06/17 13:50:38 Sending result: {
  "requestId": "9ff0f55b-5cbc-43a0-b77b-0549b9f1214c",
  "Payload": {
    "ApplyCodeChangeResponse": {
      "diff": "diff --git a/debug.log b/debug.log\nnew file mode 100644\nindex 0000000..8e478c4\n--- /dev/null\n+++ b/debug.log\n@@ -0,0 +1,180 @@\n+debug 2025/06/17 13:50:04 Projects:  [{zhzf24w8jo86 git2go git2go Cosine cosine-stg true} {3a0kipihmuz6 cosine-monorepo cosine-monorepo Cosine cosine-stg false} {p0kel9d9u0g0 cosine-rl cosine-rl Cosine cosine-stg false} {jxtrljw9ugtq exo exo Cosine cosine-stg false} {dv5u2vgy2tsc experiments experiments Cosine cosine-stg false} {zpyq6g5i5rry genie-use genie-use Cosine cosine-stg false} {jv1ogp3k60pq nestjs-neo4j nestjs-neo4j Cosine cosine-stg false} {27e0n6esim25 next-js-saas-starter next-js-saas-starter Cosine cosine-stg false} {lxcet1afp6r8 swelancer-benchmark swelancer-benchmark Cosine cosine-stg false} {13xv5h1dh0lc swelancer-expensify-app swelancer-expensify-app Cosine cosine-stg false} {c4w4qrzzqhl5 vscode vscode Cosine cosine-stg false} {wpxyviz2zrp8 portfolio portfolio Cameron Nimmo qvzkuw5ud4dl false}]\n+debug 2025/06/17 13:50:14 Starting serve command\n+debug 2025/06/17 13:50:14 Received JSON message: {\"connectedMessage\":{\"cliSessionId\":\"67c8vgduzzty\",\"url\":\"localhost:3000\"}}\n+debug 2025/06/17 13:50:14 Received connected message\n+debug 2025/06/17 13:50:14 Sending message to readCh \u0026{67c8vgduzzty localhost:3000}\n+debug 2025/06/17 13:50:14 Connected:  \u0026{67c8vgduzzty localhost:3000}\n+debug 2025/06/17 13:50:28 Enter:  enter\n+debug 2025/06/17 13:50:28 Received CLI command: {\n+  \"requestId\": \"520a6629-3675-49da-84a4-d548dfbe6e2d\",\n+  \"Payload\": {\n+    \"CheckoutRequest\": {\n+      \"sha\": \"4b14d29c207e9969ea62a7fe07d490b036c14722\"\n+    }\n+  }\n+}\n+debug 2025/06/17 13:50:28 Received CLI command requestId:\"520a6629-3675-49da-84a4-d548dfbe6e2d\" checkout_request:{sha:\"4b14d29c207e9969ea62a7fe07d490b036c14722\"}\n+debug 2025/06/17 13:50:29 Sending result: {\n+  \"requestId\": \"520a6629-3675-49da-84a4-d548dfbe6e2d\",\n+  \"Payload\": {\n+    \"CheckoutResponse\": {}\n+  }\n+}\n+debug 2025/06/17 13:50:29 Received JSON message: {\"taskAttachedMessage\":{\"taskId\":\"8rfce0iy1km8\",\"url\":\"http://localhost:3000/cosine-stg/git2go/task/8rfce0iy1km8\"}}\n+debug 2025/06/17 13:50:29 Received task attached message\n+debug 2025/06/17 13:50:29 Sending message to readCh \u0026{8rfce0iy1km8 http://localhost:3000/cosine-stg/git2go/task/8rfce0iy1km8}\n+debug 2025/06/17 13:50:29 Task attached:  \u0026{8rfce0iy1km8 http://localhost:3000/cosine-stg/git2go/task/8rfce0iy1km8}\n+debug 2025/06/17 13:50:29 Create task response:  \u0026{ http://localhost:3000/cosine-stg/git2go/task/8rfce0iy1km8}\n+debug 2025/06/17 13:50:30 Received CLI command: {\n+  \"requestId\": \"5f3a1226-7123-412e-b327-ef83821ff035\",\n+  \"Payload\": {\n+    \"HeadAndBranchRequest\": {\n+      \"workspaceSessionId\": \"cli:744\"\n+    }\n+  }\n+}\n+debug 2025/06/17 13:50:30 Received CLI command requestId:\"5f3a1226-7123-412e-b327-ef83821ff035\" head_and_branch_request:{workspaceSessionId:\"cli:744\"}\n+debug 2025/06/17 13:50:30 Sending result: {\n+  \"requestId\": \"5f3a1226-7123-412e-b327-ef83821ff035\",\n+  \"Payload\": {\n+    \"HeadAndBranchResponse\": {\n+      \"head\": \"4b14d29c207e9969ea62a7fe07d490b036c14722\",\n+      \"branch\": \"HEAD\"\n+    }\n+  }\n+}\n+debug 2025/06/17 13:50:30 Received CLI command: {\n+  \"requestId\": \"2a633907-e598-46b9-b95b-c91e186e0212\",\n+  \"Payload\": {\n+    \"DiffRequest\": {\n+      \"workspaceSessionId\": \"cli:744\",\n+      \"sourceSha\": \"4b14d29c207e9969ea62a7fe07d490b036c14722\",\n+      \"includeUntracked\": true\n+    }\n+  }\n+}\n+debug 2025/06/17 13:50:30 Received CLI command requestId:\"2a633907-e598-46b9-b95b-c91e186e0212\" diff_request:{workspaceSessionId:\"cli:744\" sourceSha:\"4b14d29c207e9969ea62a7fe07d490b036c14722\" includeUntracked:true}\n+debug 2025/06/17 13:50:30 Sending result: {\n+  \"requestId\": \"2a633907-e598-46b9-b95b-c91e186e0212\",\n+  \"Payload\": {\n+    \"DiffResponse\": {\n+      \"diff\": \"diff --git a/debug.log b/debug.log\\nnew file mode 100644\\nindex 0000000..fda468f\\n--- /dev/null\\n+++ b/debug.log\\n@@ -0,0 +1,56 @@\\n+debug 2025/06/17 13:50:04 Projects:  [{zhzf24w8jo86 git2go git2go Cosine cosine-stg true} {3a0kipihmuz6 cosine-monorepo cosine-monorepo Cosine cosine-stg false} {p0kel9d9u0g0 cosine-rl cosine-rl Cosine cosine-stg false} {jxtrljw9ugtq exo exo Cosine cosine-stg false} {dv5u2vgy2tsc experiments experiments Cosine cosine-stg false} {zpyq6g5i5rry genie-use genie-use Cosine cosine-stg false} {jv1ogp3k60pq nestjs-neo4j nestjs-neo4j Cosine cosine-stg false} {27e0n6esim25 next-js-saas-starter next-js-saas-starter Cosine cosine-stg false} {lxcet1afp6r8 swelancer-benchmark swelancer-benchmark Cosine cosine-stg false} {13xv5h1dh0lc swelancer-expensify-app swelancer-expensify-app Cosine cosine-stg false} {c4w4qrzzqhl5 vscode vscode Cosine cosine-stg false} {wpxyviz2zrp8 portfolio portfolio Cameron Nimmo qvzkuw5ud4dl false}]\\n+debug 2025/06/17 13:50:14 Starting serve command\\n+debug 2025/06/17 13:50:14 Received JSON message: {\\\"connectedMessage\\\":{\\\"cliSessionId\\\":\\\"67c8vgduzzty\\\",\\\"url\\\":\\\"localhost:3000\\\"}}\\n+debug 2025/06/17 13:50:14 Received connected message\\n+debug 2025/06/17 13:50:14 Sending message to readCh \\u0026{67c8vgduzzty localhost:3000}\\n+debug 2025/06/17 13:50:14 Connected:  \\u0026{67c8vgduzzty localhost:3000}\\n+debug 2025/06/17 13:50:28 Enter:  enter\\n+debug 2025/06/17 13:50:28 Received CLI command: {\\n+  \\\"requestId\\\": \\\"520a6629-3675-49da-84a4-d548dfbe6e2d\\\",\\n+  \\\"Payload\\\": {\\n+    \\\"CheckoutRequest\\\": {\\n+      \\\"sha\\\": \\\"4b14d29c207e9969ea62a7fe07d490b036c14722\\\"\\n+    }\\n+  }\\n+}\\n+debug 2025/06/17 13:50:28 Received CLI command requestId:\\\"520a6629-3675-49da-84a4-d548dfbe6e2d\\\" checkout_request:{sha:\\\"4b14d29c207e9969ea62a7fe07d490b036c14722\\\"}\\n+debug 2025/06/17 13:50:29 Sending result: {\\n+  \\\"requestId\\\": \\\"520a6629-3675-49da-84a4-d548dfbe6e2d\\\",\\n+  \\\"Payload\\\": {\\n+    \\\"CheckoutResponse\\\": {}\\n+  }\\n+}\\n+debug 2025/06/17 13:50:29 Received JSON message: {\\\"taskAttachedMessage\\\":{\\\"taskId\\\":\\\"8rfce0iy1km8\\\",\\\"url\\\":\\\"http://localhost:3000/cosine-stg/git2go/task/8rfce0iy1km8\\\"}}\\n+debug 2025/06/17 13:50:29 Received task attached message\\n+debug 2025/06/17 13:50:29 Sending message to readCh \\u0026{8rfce0iy1km8 http://localhost:3000/cosine-stg/git2go/task/8rfce0iy1km8}\\n+debug 2025/06/17 13:50:29 Task attached:  \\u0026{8rfce0iy1km8 http://localhost:3000/cosine-stg/git2go/task/8rfce0iy1km8}\\n+debug 2025/06/17 13:50:29 Create task response:  \\u0026{ http://localhost:3000/cosine-stg/git2go/task/8rfce0iy1km8}\\n+debug 2025/06/17 13:50:30 Received CLI command: {\\n+  \\\"requestId\\\": \\\"5f3a1226-7123-412e-b327-ef83821ff035\\\",\\n+  \\\"Payload\\\": {\\n+    \\\"HeadAndBranchRequest\\\": {\\n+      \\\"workspaceSessionId\\\": \\\"cli:744\\\"\\n+    }\\n+  }\\n+}\\n+debug 2025/06/17 13:50:30 Received CLI command requestId:\\\"5f3a1226-7123-412e-b327-ef83821ff035\\\" head_and_branch_request:{workspaceSessionId:\\\"cli:744\\\"}\\n+debug 2025/06/17 13:50:30 Sending result: {\\n+  \\\"requestId\\\": \\\"5f3a1226-7123-412e-b327-ef83821ff035\\\",\\n+  \\\"Payload\\\": {\\n+    \\\"HeadAndBranchResponse\\\": {\\n+      \\\"head\\\": \\\"4b14d29c207e9969ea62a7fe07d490b036c14722\\\",\\n+      \\\"branch\\\": \\\"HEAD\\\"\\n+    }\\n+  }\\n+}\\n+debug 2025/06/17 13:50:30 Received CLI command: {\\n+  \\\"requestId\\\": \\\"2a633907-e598-46b9-b95b-c91e186e0212\\\",\\n+  \\\"Payload\\\": {\\n+    \\\"DiffRequest\\\": {\\n+      \\\"workspaceSessionId\\\": \\\"cli:744\\\",\\n+      \\\"sourceSha\\\": \\\"4b14d29c207e9969ea62a7fe07d490b036c14722\\\",\\n+      \\\"includeUntracked\\\": true\\n+    }\\n+  }\\n+}\\n+debug 2025/06/17 13:50:30 Received CLI command requestId:\\\"2a633907-e598-46b9-b95b-c91e186e0212\\\" diff_request:{workspaceSessionId:\\\"cli:744\\\" sourceSha:\\\"4b14d29c207e9969ea62a7fe07d490b036c14722\\\" includeUntracked:true}\\n\"\n+    }\n+  }\n+}\n+debug 2025/06/17 13:50:30 Received CLI command: {\n+  \"requestId\": \"c4eb71ce-3097-4039-a8f2-3440f3ca8cef\",\n+  \"Payload\": {\n+    \"DiffRequest\": {\n+      \"workspaceSessionId\": \"cli:744\",\n+      \"sourceSha\": \"HEAD\",\n+      \"includeUntracked\": true\n+    }\n+  }\n+}\n+debug 2025/06/17 13:50:30 Received CLI command requestId:\"c4eb71ce-3097-4039-a8f2-3440f3ca8cef\" diff_request:{workspaceSessionId:\"cli:744\" sourceSha:\"HEAD\" includeUntracked:true}\n+debug 2025/06/17 13:50:30 Sending result: {\n+  \"requestId\": \"c4eb71ce-3097-4039-a8f2-3440f3ca8cef\",\n+  \"Payload\": {\n+    \"DiffResponse\": {\n+      \"diff\": \"diff --git a/debug.log b/debug.log\\nnew file mode 100644\\nindex 0000000..46051fb\\n--- /dev/null\\n+++ b/debug.log\\n@@ -0,0 +1,75 @@\\n+debug 2025/06/17 13:50:04 Projects:  [{zhzf24w8jo86 git2go git2go Cosine cosine-stg true} {3a0kipihmuz6 cosine-monorepo cosine-monorepo Cosine cosine-stg false} {p0kel9d9u0g0 cosine-rl cosine-rl Cosine cosine-stg false} {jxtrljw9ugtq exo exo Cosine cosine-stg false} {dv5u2vgy2tsc experiments experiments Cosine cosine-stg false} {zpyq6g5i5rry genie-use genie-use Cosine cosine-stg false} {jv1ogp3k60pq nestjs-neo4j nestjs-neo4j Cosine cosine-stg false} {27e0n6esim25 next-js-saas-starter next-js-saas-starter Cosine cosine-stg false} {lxcet1afp6r8 swelancer-benchmark swelancer-benchmark Cosine cosine-stg false} {13xv5h1dh0lc swelancer-expensify-app swelancer-expensify-app Cosine cosine-stg false} {c4w4qrzzqhl5 vscode vscode Cosine cosine-stg false} {wpxyviz2zrp8 portfolio portfolio Cameron Nimmo qvzkuw5ud4dl false}]\\n+debug 2025/06/17 13:50:14 Starting serve command\\n+debug 2025/06/17 13:50:14 Received JSON message: {\\\"connectedMessage\\\":{\\\"cliSessionId\\\":\\\"67c8vgduzzty\\\",\\\"url\\\":\\\"localhost:3000\\\"}}\\n+debug 2025/06/17 13:50:14 Received connected message\\n+debug 2025/06/17 13:50:14 Sending message to readCh \\u0026{67c8vgduzzty localhost:3000}\\n+debug 2025/06/17 13:50:14 Connected:  \\u0026{67c8vgduzzty localhost:3000}\\n+debug 2025/06/17 13:50:28 Enter:  enter\\n+debug 2025/06/17 13:50:28 Received CLI command: {\\n+  \\\"requestId\\\": \\\"520a6629-3675-49da-84a4-d548dfbe6e2d\\\",\\n+  \\\"Payload\\\": {\\n+    \\\"CheckoutRequest\\\": {\\n+      \\\"sha\\\": \\\"4b14d29c207e9969ea62a7fe07d490b036c14722\\\"\\n+    }\\n+  }\\n+}\\n+debug 2025/06/17 13:50:28 Received CLI command requestId:\\\"520a6629-3675-49da-84a4-d548dfbe6e2d\\\" checkout_request:{sha:\\\"4b14d29c207e9969ea62a7fe07d490b036c14722\\\"}\\n+debug 2025/06/17 13:50:29 Sending result: {\\n+  \\\"requestId\\\": \\\"520a6629-3675-49da-84a4-d548dfbe6e2d\\\",\\n+  \\\"Payload\\\": {\\n+    \\\"CheckoutResponse\\\": {}\\n+  }\\n+}\\n+debug 2025/06/17 13:50:29 Received JSON message: {\\\"taskAttachedMessage\\\":{\\\"taskId\\\":\\\"8rfce0iy1km8\\\",\\\"url\\\":\\\"http://localhost:3000/cosine-stg/git2go/task/8rfce0iy1km8\\\"}}\\n+debug 2025/06/17 13:50:29 Received task attached message\\n+debug 2025/06/17 13:50:29 Sending message to readCh \\u0026{8rfce0iy1km8 http://localhost:3000/cosine-stg/git2go/task/8rfce0iy1km8}\\n+debug 2025/06/17 13:50:29 Task attached:  \\u0026{8rfce0iy1km8 http://localhost:3000/cosine-stg/git2go/task/8rfce0iy1km8}\\n+debug 2025/06/17 13:50:29 Create task response:  \\u0026{ http://localhost:3000/cosine-stg/git2go/task/8rfce0iy1km8}\\n+debug 2025/06/17 13:50:30 Received CLI command: {\\n+  \\\"requestId\\\": \\\"5f3a1226-7123-412e-b327-ef83821ff035\\\",\\n+  \\\"Payload\\\": {\\n+    \\\"HeadAndBranchRequest\\\": {\\n+      \\\"workspaceSessionId\\\": \\\"cli:744\\\"\\n+    }\\n+  }\\n+}\\n+debug 2025/06/17 13:50:30 Received CLI command requestId:\\\"5f3a1226-7123-412e-b327-ef83821ff035\\\" head_and_branch_request:{workspaceSessionId:\\\"cli:744\\\"}\\n+debug 2025/06/17 13:50:30 Sending result: {\\n+  \\\"requestId\\\": \\\"5f3a1226-7123-412e-b327-ef83821ff035\\\",\\n+  \\\"Payload\\\": {\\n+    \\\"HeadAndBranchResponse\\\": {\\n+      \\\"head\\\": \\\"4b14d29c207e9969ea62a7fe07d490b036c14722\\\",\\n+      \\\"branch\\\": \\\"HEAD\\\"\\n+    }\\n+  }\\n+}\\n+debug 2025/06/17 13:50:30 Received CLI command: {\\n+  \\\"requestId\\\": \\\"2a633907-e598-46b9-b95b-c91e186e0212\\\",\\n+  \\\"Payload\\\": {\\n+    \\\"DiffRequest\\\": {\\n+      \\\"workspaceSessionId\\\": \\\"cli:744\\\",\\n+      \\\"sourceSha\\\": \\\"4b14d29c207e9969ea62a7fe07d490b036c14722\\\",\\n+      \\\"includeUntracked\\\": true\\n+    }\\n+  }\\n+}\\n+debug 2025/06/17 13:50:30 Received CLI command requestId:\\\"2a633907-e598-46b9-b95b-c91e186e0212\\\" diff_request:{workspaceSessionId:\\\"cli:744\\\" sourceSha:\\\"4b14d29c207e9969ea62a7fe07d490b036c14722\\\" includeUntracked:true}\\n+debug 2025/06/17 13:50:30 Sending result: {\\n+  \\\"requestId\\\": \\\"2a633907-e598-46b9-b95b-c91e186e0212\\\",\\n+  \\\"Payload\\\": {\\n+    \\\"DiffResponse\\\": {\\n+      \\\"diff\\\": \\\"diff --git a/debug.log b/debug.log\\\\nnew file mode 100644\\\\nindex 0000000..fda468f\\\\n--- /dev/null\\\\n+++ b/debug.log\\\\n@@ -0,0 +1,56 @@\\\\n+debug 2025/06/17 13:50:04 Projects:  [{zhzf24w8jo86 git2go git2go Cosine cosine-stg true} {3a0kipihmuz6 cosine-monorepo cosine-monorepo Cosine cosine-stg false} {p0kel9d9u0g0 cosine-rl cosine-rl Cosine cosine-stg false} {jxtrljw9ugtq exo exo Cosine cosine-stg false} {dv5u2vgy2tsc experiments experiments Cosine cosine-stg false} {zpyq6g5i5rry genie-use genie-use Cosine cosine-stg false} {jv1ogp3k60pq nestjs-neo4j nestjs-neo4j Cosine cosine-stg false} {27e0n6esim25 next-js-saas-starter next-js-saas-starter Cosine cosine-stg false} {lxcet1afp6r8 swelancer-benchmark swelancer-benchmark Cosine cosine-stg false} {13xv5h1dh0lc swelancer-expensify-app swelancer-expensify-app Cosine cosine-stg false} {c4w4qrzzqhl5 vscode vscode Cosine cosine-stg false} {wpxyviz2zrp8 portfolio portfolio Cameron Nimmo qvzkuw5ud4dl false}]\\\\n+debug 2025/06/17 13:50:14 Starting serve command\\\\n+debug 2025/06/17 13:50:14 Received JSON message: {\\\\\\\"connectedMessage\\\\\\\":{\\\\\\\"cliSessionId\\\\\\\":\\\\\\\"67c8vgduzzty\\\\\\\",\\\\\\\"url\\\\\\\":\\\\\\\"localhost:3000\\\\\\\"}}\\\\n+debug 2025/06/17 13:50:14 Received connected message\\\\n+debug 2025/06/17 13:50:14 Sending message to readCh \\\\u0026{67c8vgduzzty localhost:3000}\\\\n+debug 2025/06/17 13:50:14 Connected:  \\\\u0026{67c8vgduzzty localhost:3000}\\\\n+debug 2025/06/17 13:50:28 Enter:  enter\\\\n+debug 2025/06/17 13:50:28 Received CLI command: {\\\\n+  \\\\\\\"requestId\\\\\\\": \\\\\\\"520a6629-3675-49da-84a4-d548dfbe6e2d\\\\\\\",\\\\n+  \\\\\\\"Payload\\\\\\\": {\\\\n+    \\\\\\\"CheckoutRequest\\\\\\\": {\\\\n+      \\\\\\\"sha\\\\\\\": \\\\\\\"4b14d29c207e9969ea62a7fe07d490b036c14722\\\\\\\"\\\\n+    }\\\\n+  }\\\\n+}\\\\n+debug 2025/06/17 13:50:28 Received CLI command requestId:\\\\\\\"520a6629-3675-49da-84a4-d548dfbe6e2d\\\\\\\" checkout_request:{sha:\\\\\\\"4b14d29c207e9969ea62a7fe07d490b036c14722\\\\\\\"}\\\\n+debug 2025/06/17 13:50:29 Sending result: {\\\\n+  \\\\\\\"requestId\\\\\\\": \\\\\\\"520a6629-3675-49da-84a4-d548dfbe6e2d\\\\\\\",\\\\n+  \\\\\\\"Payload\\\\\\\": {\\\\n+    \\\\\\\"CheckoutResponse\\\\\\\": {}\\\\n+  }\\\\n+}\\\\n+debug 2025/06/17 13:50:29 Received JSON message: {\\\\\\\"taskAttachedMessage\\\\\\\":{\\\\\\\"taskId\\\\\\\":\\\\\\\"8rfce0iy1km8\\\\\\\",\\\\\\\"url\\\\\\\":\\\\\\\"http://localhost:3000/cosine-stg/git2go/task/8rfce0iy1km8\\\\\\\"}}\\\\n+debug 2025/06/17 13:50:29 Received task attached message\\\\n+debug 2025/06/17 13:50:29 Sending message to readCh \\\\u0026{8rfce0iy1km8 http://localhost:3000/cosine-stg/git2go/task/8rfce0iy1km8}\\\\n+debug 2025/06/17 13:50:29 Task attached:  \\\\u0026{8rfce0iy1km8 http://localhost:3000/cosine-stg/git2go/task/8rfce0iy1km8}\\\\n+debug 2025/06/17 13:50:29 Create task response:  \\\\u0026{ http://localhost:3000/cosine-stg/git2go/task/8rfce0iy1km8}\\\\n+debug 2025/06/17 13:50:30 Received CLI command: {\\\\n+  \\\\\\\"requestId\\\\\\\": \\\\\\\"5f3a1226-7123-412e-b327-ef83821ff035\\\\\\\",\\\\n+  \\\\\\\"Payload\\\\\\\": {\\\\n+    \\\\\\\"HeadAndBranchRequest\\\\\\\": {\\\\n+      \\\\\\\"workspaceSessionId\\\\\\\": \\\\\\\"cli:744\\\\\\\"\\\\n+    }\\\\n+  }\\\\n+}\\\\n+debug 2025/06/17 13:50:30 Received CLI command requestId:\\\\\\\"5f3a1226-7123-412e-b327-ef83821ff035\\\\\\\" head_and_branch_request:{workspaceSessionId:\\\\\\\"cli:744\\\\\\\"}\\\\n+debug 2025/06/17 13:50:30 Sending result: {\\\\n+  \\\\\\\"requestId\\\\\\\": \\\\\\\"5f3a1226-7123-412e-b327-ef83821ff035\\\\\\\",\\\\n+  \\\\\\\"Payload\\\\\\\": {\\\\n+    \\\\\\\"HeadAndBranchResponse\\\\\\\": {\\\\n+      \\\\\\\"head\\\\\\\": \\\\\\\"4b14d29c207e9969ea62a7fe07d490b036c14722\\\\\\\",\\\\n+      \\\\\\\"branch\\\\\\\": \\\\\\\"HEAD\\\\\\\"\\\\n+    }\\\\n+  }\\\\n+}\\\\n+debug 2025/06/17 13:50:30 Received CLI command: {\\\\n+  \\\\\\\"requestId\\\\\\\": \\\\\\\"2a633907-e598-46b9-b95b-c91e186e0212\\\\\\\",\\\\n+  \\\\\\\"Payload\\\\\\\": {\\\\n+    \\\\\\\"DiffRequest\\\\\\\": {\\\\n+      \\\\\\\"workspaceSessionId\\\\\\\": \\\\\\\"cli:744\\\\\\\",\\\\n+      \\\\\\\"sourceSha\\\\\\\": \\\\\\\"4b14d29c207e9969ea62a7fe07d490b036c14722\\\\\\\",\\\\n+      \\\\\\\"includeUntracked\\\\\\\": true\\\\n+    }\\\\n+  }\\\\n+}\\\\n+debug 2025/06/17 13:50:30 Received CLI command requestId:\\\\\\\"2a633907-e598-46b9-b95b-c91e186e0212\\\\\\\" diff_request:{workspaceSessionId:\\\\\\\"cli:744\\\\\\\" sourceSha:\\\\\\\"4b14d29c207e9969ea62a7fe07d490b036c14722\\\\\\\" includeUntracked:true}\\\\n\\\"\\n+    }\\n+  }\\n+}\\n+debug 2025/06/17 13:50:30 Received CLI command: {\\n+  \\\"requestId\\\": \\\"c4eb71ce-3097-4039-a8f2-3440f3ca8cef\\\",\\n+  \\\"Payload\\\": {\\n+    \\\"DiffRequest\\\": {\\n+      \\\"workspaceSessionId\\\": \\\"cli:744\\\",\\n+      \\\"sourceSha\\\": \\\"HEAD\\\",\\n+      \\\"includeUntracked\\\": true\\n+    }\\n+  }\\n+}\\n+debug 2025/06/17 13:50:30 Received CLI command requestId:\\\"c4eb71ce-3097-4039-a8f2-3440f3ca8cef\\\" diff_request:{workspaceSessionId:\\\"cli:744\\\" sourceSha:\\\"HEAD\\\" includeUntracked:true}\\n\"\n+    }\n+  }\n+}\n+debug 2025/06/17 13:50:30 Received CLI command: {\n+  \"requestId\": \"3bc69592-3114-4660-b556-584c3b44b21e\",\n+  \"Payload\": {\n+    \"TreeV2Request\": {\n+      \"workspaceSessionId\": \"cli:744\",\n+      \"format\": 1,\n+      \"maxDepth\": 1\n+    }\n+  }\n+}\n+debug 2025/06/17 13:50:30 Received CLI command requestId:\"3bc69592-3114-4660-b556-584c3b44b21e\" tree_v2_request:{workspaceSessionId:\"cli:744\" format:STRING maxDepth:1}\n+debug 2025/06/17 13:50:30 Sending result: {\n+  \"requestId\": \"3bc69592-3114-4660-b556-584c3b44b21e\",\n+  \"Payload\": {\n+    \"TreeV2Response\": {\n+      \"file\": [\n+        \" Build_bundled_static.go\\n Build_system_dynamic.go\\n Build_system_static.go\\n Makefile\\n README.md\\n blame.go\\n blame_test.go\\n blob.go\\n blob_test.go\\n branch.go\\n branch_test.go\\n checkout.go\\n cherrypick.go\\n cherrypick_test.go\\n clone.go\\n clone_test.go\\n commit.go\\n config.go\\n config_test.go\\n credentials.go\\n delta_string.go\\n deprecated.go\\n describe.go\\n describe_test.go\\n diff.go\\n diff_test.go\\n difflinetype_string.go\\n errorclass_string.go\\n errorcode_string.go\\n features.go\\n git.go\\n git_test.go\\n graph.go\\n graph_test.go\\n handles.go\\n http.go\\n ignore.go\\n index.go\\n index_test.go\\n indexer.go\\n indexer_test.go\\n mempack.go\\n mempack_test.go\\n merge.go\\n merge_test.go\\n message.go\\n message_test.go\\n note.go\\n note_test.go\\n object.go\\n object_test.go\\n odb.go\\n odb_test.go\\n packbuilder.go\\n patch.go\\n patch_test.go\\n push_test.go\\n rebase.go\\n rebase_test.go\\n refdb.go\\n reference.go\\n reference_test.go\\n refspec.go\\n refspec_test.go\\n remote.go\\n remote_test.go\\n repository.go\\n repository_test.go\\n reset.go\\n reset_test.go\\n revert.go\\n revert_test.go\\n revparse.go\\n revparse_test.go\\n script/\\n settings.go\\n settings_test.go\\n signature.go\\n ssh.go\\n stash.go\\n stash_test.go\\n status.go\\n status_test.go\\n submodule.go\\n submodule_test.go\\n tag.go\\n tag_test.go\\n testdata/\\n transport.go\\n transport_test.go\\n tree.go\\n tree_test.go\\n vendor/\\n walk.go\\n wrapper.c\\n\"\n+      ],\n+      \"count\": 96\n+    }\n+  }\n+}\n+debug 2025/06/17 13:50:30 Received CLI command: {\n+  \"requestId\": \"b41bdc98-23a6-4e33-94b7-c4a33a5f09c4\",\n+  \"Payload\": {\n+    \"FileRequest\": {\n+      \"workspaceSessionId\": \"cli:744\",\n+      \"file\": \"debug.log\"\n+    }\n+  }\n+}\n+debug 2025/06/17 13:50:30 Received CLI command requestId:\"b41bdc98-23a6-4e33-94b7-c4a33a5f09c4\" file_request:{workspaceSessionId:\"cli:744\" file:\"debug.log\"}\n+debug 2025/06/17 13:50:30 Sending result: {\n+  \"requestId\": \"b41bdc98-23a6-4e33-94b7-c4a33a5f09c4\",\n+  \"Payload\": {\n+    \"FileResponse\": {\n+      \"file\": {\n+        \"path\": \"debug.log\",\n+        \"content\": \"debug 2025/06/17 13:50:04 Projects:  [{zhzf24w8jo86 git2go git2go Cosine cosine-stg true} {3a0kipihmuz6 cosine-monorepo cosine-monorepo Cosine cosine-stg false} {p0kel9d9u0g0 cosine-rl cosine-rl Cosine cosine-stg false} {jxtrljw9ugtq exo exo Cosine cosine-stg false} {dv5u2vgy2tsc experiments experiments Cosine cosine-stg false} {zpyq6g5i5rry genie-use genie-use Cosine cosine-stg false} {jv1ogp3k60pq nestjs-neo4j nestjs-neo4j Cosine cosine-stg false} {27e0n6esim25 next-js-saas-starter next-js-saas-starter Cosine cosine-stg false} {lxcet1afp6r8 swelancer-benchmark swelancer-benchmark Cosine cosine-stg false} {13xv5h1dh0lc swelancer-expensify-app swelancer-expensify-app Cosine cosine-stg false} {c4w4qrzzqhl5 vscode vscode Cosine cosine-stg false} {wpxyviz2zrp8 portfolio portfolio Cameron Nimmo qvzkuw5ud4dl false}]\\ndebug 2025/06/17 13:50:14 Starting serve command\\ndebug 2025/06/17 13:50:14 Received JSON message: {\\\"connectedMessage\\\":{\\\"cliSessionId\\\":\\\"67c8vgduzzty\\\",\\\"url\\\":\\\"localhost:3000\\\"}}\\ndebug 2025/06/17 13:50:14 Received connected message\\ndebug 2025/06/17 13:50:14 Sending message to readCh \\u0026{67c8vgduzzty localhost:3000}\\ndebug 2025/06/17 13:50:14 Connected:  \\u0026{67c8vgduzzty localhost:3000}\\ndebug 2025/06/17 13:50:28 Enter:  enter\\ndebug 2025/06/17 13:50:28 Received CLI command: {\\n  \\\"requestId\\\": \\\"520a6629-3675-49da-84a4-d548dfbe6e2d\\\",\\n  \\\"Payload\\\": {\\n    \\\"CheckoutRequest\\\": {\\n      \\\"sha\\\": \\\"4b14d29c207e9969ea62a7fe07d490b036c14722\\\"\\n    }\\n  }\\n}\\ndebug 2025/06/17 13:50:28 Received CLI command requestId:\\\"520a6629-3675-49da-84a4-d548dfbe6e2d\\\" checkout_request:{sha:\\\"4b14d29c207e9969ea62a7fe07d490b036c14722\\\"}\\ndebug 2025/06/17 13:50:29 Sending result: {\\n  \\\"requestId\\\": \\\"520a6629-3675-49da-84a4-d548dfbe6e2d\\\",\\n  \\\"Payload\\\": {\\n    \\\"CheckoutResponse\\\": {}\\n  }\\n}\\ndebug 2025/06/17 13:50:29 Received JSON message: {\\\"taskAttachedMessage\\\":{\\\"taskId\\\":\\\"8rfce0iy1km8\\\",\\\"url\\\":\\\"http://localhost:3000/cosine-stg/git2go/task/8rfce0iy1km8\\\"}}\\ndebug 2025/06/17 13:50:29 Received task attached message\\ndebug 2025/06/17 13:50:29 Sending message to readCh \\u0026{8rfce0iy1km8 http://localhost:3000/cosine-stg/git2go/task/8rfce0iy1km8}\\ndebug 2025/06/17 13:50:29 Task attached:  \\u0026{8rfce0iy1km8 http://localhost:3000/cosine-stg/git2go/task/8rfce0iy1km8}\\ndebug 2025/06/17 13:50:29 Create task response:  \\u0026{ http://localhost:3000/cosine-stg/git2go/task/8rfce0iy1km8}\\ndebug 2025/06/17 13:50:30 Received CLI command: {\\n  \\\"requestId\\\": \\\"5f3a1226-7123-412e-b327-ef83821ff035\\\",\\n  \\\"Payload\\\": {\\n    \\\"HeadAndBranchRequest\\\": {\\n      \\\"workspaceSessionId\\\": \\\"cli:744\\\"\\n    }\\n  }\\n}\\ndebug 2025/06/17 13:50:30 Received CLI command requestId:\\\"5f3a1226-7123-412e-b327-ef83821ff035\\\" head_and_branch_request:{workspaceSessionId:\\\"cli:744\\\"}\\ndebug 2025/06/17 13:50:30 Sending result: {\\n  \\\"requestId\\\": \\\"5f3a1226-7123-412e-b327-ef83821ff035\\\",\\n  \\\"Payload\\\": {\\n    \\\"HeadAndBranchResponse\\\": {\\n      \\\"head\\\": \\\"4b14d29c207e9969ea62a7fe07d490b036c14722\\\",\\n      \\\"branch\\\": \\\"HEAD\\\"\\n    }\\n  }\\n}\\ndebug 2025/06/17 13:50:30 Received CLI command: {\\n  \\\"requestId\\\": \\\"2a633907-e598-46b9-b95b-c91e186e0212\\\",\\n  \\\"Payload\\\": {\\n    \\\"DiffRequest\\\": {\\n      \\\"workspaceSessionId\\\": \\\"cli:744\\\",\\n      \\\"sourceSha\\\": \\\"4b14d29c207e9969ea62a7fe07d490b036c14722\\\",\\n      \\\"includeUntracked\\\": true\\n    }\\n  }\\n}\\ndebug 2025/06/17 13:50:30 Received CLI command requestId:\\\"2a633907-e598-46b9-b95b-c91e186e0212\\\" diff_request:{workspaceSessionId:\\\"cli:744\\\" sourceSha:\\\"4b14d29c207e9969ea62a7fe07d490b036c14722\\\" includeUntracked:true}\\ndebug 2025/06/17 13:50:30 Sending result: {\\n  \\\"requestId\\\": \\\"2a633907-e598-46b9-b95b-c91e186e0212\\\",\\n  \\\"Payload\\\": {\\n    \\\"DiffResponse\\\": {\\n      \\\"diff\\\": \\\"diff --git a/debug.log b/debug.log\\\\nnew file mode 100644\\\\nindex 0000000..fda468f\\\\n--- /dev/null\\\\n+++ b/debug.log\\\\n@@ -0,0 +1,56 @@\\\\n+debug 2025/06/17 13:50:04 Projects:  [{zhzf24w8jo86 git2go git2go Cosine cosine-stg true} {3a0kipihmuz6 cosine-monorepo cosine-monorepo Cosine cosine-stg false} {p0kel9d9u0g0 cosine-rl cosine-rl Cosine cosine-stg false} {jxtrljw9ugtq exo exo Cosine cosine-stg false} {dv5u2vgy2tsc experiments experiments Cosine cosine-stg false} {zpyq6g5i5rry genie-use genie-use Cosine cosine-stg false} {jv1ogp3k60pq nestjs-neo4j nestjs-neo4j Cosine cosine-stg false} {27e0n6esim25 next-js-saas-starter next-js-saas-starter Cosine cosine-stg false} {lxcet1afp6r8 swelancer-benchmark swelancer-benchmark Cosine cosine-stg false} {13xv5h1dh0lc swelancer-expensify-app swelancer-expensify-app Cosine cosine-stg false} {c4w4qrzzqhl5 vscode vscode Cosine cosine-stg false} {wpxyviz2zrp8 portfolio portfolio Cameron Nimmo qvzkuw5ud4dl false}]\\\\n+debug 2025/06/17 13:50:14 Starting serve command\\\\n+debug 2025/06/17 13:50:14 Received JSON message: {\\\\\\\"connectedMessage\\\\\\\":{\\\\\\\"cliSessionId\\\\\\\":\\\\\\\"67c8vgduzzty\\\\\\\",\\\\\\\"url\\\\\\\":\\\\\\\"localhost:3000\\\\\\\"}}\\\\n+debug 2025/06/17 13:50:14 Received connected message\\\\n+debug 2025/06/17 13:50:14 Sending message to readCh \\\\u0026{67c8vgduzzty localhost:3000}\\\\n+debug 2025/06/17 13:50:14 Connected:  \\\\u0026{67c8vgduzzty localhost:3000}\\\\n+debug 2025/06/17 13:50:28 Enter:  enter\\\\n+debug 2025/06/17 13:50:28 Received CLI command: {\\\\n+  \\\\\\\"requestId\\\\\\\": \\\\\\\"520a6629-3675-49da-84a4-d548dfbe6e2d\\\\\\\",\\\\n+  \\\\\\\"Payload\\\\\\\": {\\\\n+    \\\\\\\"CheckoutRequest\\\\\\\": {\\\\n+      \\\\\\\"sha\\\\\\\": \\\\\\\"4b14d29c207e9969ea62a7fe07d490b036c14722\\\\\\\"\\\\n+    }\\\\n+  }\\\\n+}\\\\n+debug 2025/06/17 13:50:28 Received CLI command requestId:\\\\\\\"520a6629-3675-49da-84a4-d548dfbe6e2d\\\\\\\" checkout_request:{sha:\\\\\\\"4b14d29c207e9969ea62a7fe07d490b036c14722\\\\\\\"}\\\\n+debug 2025/06/17 13:50:29 Sending result: {\\\\n+  \\\\\\\"requestId\\\\\\\": \\\\\\\"520a6629-3675-49da-84a4-d548dfbe6e2d\\\\\\\",\\\\n+  \\\\\\\"Payload\\\\\\\": {\\\\n+    \\\\\\\"CheckoutResponse\\\\\\\": {}\\\\n+  }\\\\n+}\\\\n+debug 2025/06/17 13:50:29 Received JSON message: {\\\\\\\"taskAttachedMessage\\\\\\\":{\\\\\\\"taskId\\\\\\\":\\\\\\\"8rfce0iy1km8\\\\\\\",\\\\\\\"url\\\\\\\":\\\\\\\"http://localhost:3000/cosine-stg/git2go/task/8rfce0iy1km8\\\\\\\"}}\\\\n+debug 2025/06/17 13:50:29 Received task attached message\\\\n+debug 2025/06/17 13:50:29 Sending message to readCh \\\\u0026{8rfce0iy1km8 http://localhost:3000/cosine-stg/git2go/task/8rfce0iy1km8}\\\\n+debug 2025/06/17 13:50:29 Task attached:  \\\\u0026{8rfce0iy1km8 http://localhost:3000/cosine-stg/git2go/task/8rfce0iy1km8}\\\\n+debug 2025/06/17 13:50:29 Create task response:  \\\\u0026{ http://localhost:3000/cosine-stg/git2go/task/8rfce0iy1km8}\\\\n+debug 2025/06/17 13:50:30 Received CLI command: {\\\\n+  \\\\\\\"requestId\\\\\\\": \\\\\\\"5f3a1226-7123-412e-b327-ef83821ff035\\\\\\\",\\\\n+  \\\\\\\"Payload\\\\\\\": {\\\\n+    \\\\\\\"HeadAndBranchRequest\\\\\\\": {\\\\n+      \\\\\\\"workspaceSessionId\\\\\\\": \\\\\\\"cli:744\\\\\\\"\\\\n+    }\\\\n+  }\\\\n+}\\\\n+debug 2025/06/17 13:50:30 Received CLI command requestId:\\\\\\\"5f3a1226-7123-412e-b327-ef83821ff035\\\\\\\" head_and_branch_request:{workspaceSessionId:\\\\\\\"cli:744\\\\\\\"}\\\\n+debug 2025/06/17 13:50:30 Sending result: {\\\\n+  \\\\\\\"requestId\\\\\\\": \\\\\\\"5f3a1226-7123-412e-b327-ef83821ff035\\\\\\\",\\\\n+  \\\\\\\"Payload\\\\\\\": {\\\\n+    \\\\\\\"HeadAndBranchResponse\\\\\\\": {\\\\n+      \\\\\\\"head\\\\\\\": \\\\\\\"4b14d29c207e9969ea62a7fe07d490b036c14722\\\\\\\",\\\\n+      \\\\\\\"branch\\\\\\\": \\\\\\\"HEAD\\\\\\\"\\\\n+    }\\\\n+  }\\\\n+}\\\\n+debug 2025/06/17 13:50:30 Received CLI command: {\\\\n+  \\\\\\\"requestId\\\\\\\": \\\\\\\"2a633907-e598-46b9-b95b-c91e186e0212\\\\\\\",\\\\n+  \\\\\\\"Payload\\\\\\\": {\\\\n+    \\\\\\\"DiffRequest\\\\\\\": {\\\\n+      \\\\\\\"workspaceSessionId\\\\\\\": \\\\\\\"cli:744\\\\\\\",\\\\n+      \\\\\\\"sourceSha\\\\\\\": \\\\\\\"4b14d29c207e9969ea62a7fe07d490b036c14722\\\\\\\",\\\\n+      \\\\\\\"includeUntracked\\\\\\\": true\\\\n+    }\\\\n+  }\\\\n+}\\\\n+debug 2025/06/17 13:50:30 Received CLI command requestId:\\\\\\\"2a633907-e598-46b9-b95b-c91e186e0212\\\\\\\" diff_request:{workspaceSessionId:\\\\\\\"cli:744\\\\\\\" sourceSha:\\\\\\\"4b14d29c207e9969ea62a7fe07d490b036c14722\\\\\\\" includeUntracked:true}\\\\n\\\"\\n    }\\n  }\\n}\\ndebug 2025/06/17 13:50:30 Received CLI command: {\\n  \\\"requestId\\\": \\\"c4eb71ce-3097-4039-a8f2-3440f3ca8cef\\\",\\n  \\\"Payload\\\": {\\n    \\\"DiffRequest\\\": {\\n      \\\"workspaceSessionId\\\": \\\"cli:744\\\",\\n      \\\"sourceSha\\\": \\\"HEAD\\\",\\n      \\\"includeUntracked\\\": true\\n    }\\n  }\\n}\\ndebug 2025/06/17 13:50:30 Received CLI command requestId:\\\"c4eb71ce-3097-4039-a8f2-3440f3ca8cef\\\" diff_request:{workspaceSessionId:\\\"cli:744\\\" sourceSha:\\\"HEAD\\\" includeUntracked:true}\\ndebug 2025/06/17 13:50:30 Sending result: {\\n  \\\"requestId\\\": \\\"c4eb71ce-3097-4039-a8f2-3440f3ca8cef\\\",\\n  \\\"Payload\\\": {\\n    \\\"DiffResponse\\\": {\\n      \\\"diff\\\": \\\"diff --git a/debug.log b/debug.log\\\\nnew file mode 100644\\\\nindex 0000000..46051fb\\\\n--- /dev/null\\\\n+++ b/debug.log\\\\n@@ -0,0 +1,75 @@\\\\n+debug 2025/06/17 13:50:04 Projects:  [{zhzf24w8jo86 git2go git2go Cosine cosine-stg true} {3a0kipihmuz6 cosine-monorepo cosine-monorepo Cosine cosine-stg false} {p0kel9d9u0g0 cosine-rl cosine-rl Cosine cosine-stg false} {jxtrljw9ugtq exo exo Cosine cosine-stg false} {dv5u2vgy2tsc experiments experiments Cosine cosine-stg false} {zpyq6g5i5rry genie-use genie-use Cosine cosine-stg false} {jv1ogp3k60pq nestjs-neo4j nestjs-neo4j Cosine cosine-stg false} {27e0n6esim25 next-js-saas-starter next-js-saas-starter Cosine cosine-stg false} {lxcet1afp6r8 swelancer-benchmark swelancer-benchmark Cosine cosine-stg false} {13xv5h1dh0lc swelancer-expensify-app swelancer-expensify-app Cosine cosine-stg false} {c4w4qrzzqhl5 vscode vscode Cosine cosine-stg false} {wpxyviz2zrp8 portfolio portfolio Cameron Nimmo qvzkuw5ud4dl false}]\\\\n+debug 2025/06/17 13:50:14 Starting serve command\\\\n+debug 2025/06/17 13:50:14 Received JSON message: {\\\\\\\"connectedMessage\\\\\\\":{\\\\\\\"cliSessionId\\\\\\\":\\\\\\\"67c8vgduzzty\\\\\\\",\\\\\\\"url\\\\\\\":\\\\\\\"localhost:3000\\\\\\\"}}\\\\n+debug 2025/06/17 13:50:14 Received connected message\\\\n+debug 2025/06/17 13:50:14 Sending message to readCh \\\\u0026{67c8vgduzzty localhost:3000}\\\\n+debug 2025/06/17 13:50:14 Connected:  \\\\u0026{67c8vgduzzty localhost:3000}\\\\n+debug 2025/06/17 13:50:28 Enter:  enter\\\\n+debug 2025/06/17 13:50:28 Received CLI command: {\\\\n+  \\\\\\\"requestId\\\\\\\": \\\\\\\"520a6629-3675-49da-84a4-d548dfbe6e2d\\\\\\\",\\\\n+  \\\\\\\"Payload\\\\\\\": {\\\\n+    \\\\\\\"CheckoutRequest\\\\\\\": {\\\\n+      \\\\\\\"sha\\\\\\\": \\\\\\\"4b14d29c207e9969ea62a7fe07d490b036c14722\\\\\\\"\\\\n+    }\\\\n+  }\\\\n+}\\\\n+debug 2025/06/17 13:50:28 Received CLI command requestId:\\\\\\\"520a6629-3675-49da-84a4-d548dfbe6e2d\\\\\\\" checkout_request:{sha:\\\\\\\"4b14d29c207e9969ea62a7fe07d490b036c14722\\\\\\\"}\\\\n+debug 2025/06/17 13:50:29 Sending result: {\\\\n+  \\\\\\\"requestId\\\\\\\": \\\\\\\"520a6629-3675-49da-84a4-d548dfbe6e2d\\\\\\\",\\\\n+  \\\\\\\"Payload\\\\\\\": {\\\\n+    \\\\\\\"CheckoutResponse\\\\\\\": {}\\\\n+  }\\\\n+}\\\\n+debug 2025/06/17 13:50:29 Received JSON message: {\\\\\\\"taskAttachedMessage\\\\\\\":{\\\\\\\"taskId\\\\\\\":\\\\\\\"8rfce0iy1km8\\\\\\\",\\\\\\\"url\\\\\\\":\\\\\\\"http://localhost:3000/cosine-stg/git2go/task/8rfce0iy1km8\\\\\\\"}}\\\\n+debug 2025/06/17 13:50:29 Received task attached message\\\\n+debug 2025/06/17 13:50:29 Sending message to readCh \\\\u0026{8rfce0iy1km8 http://localhost:3000/cosine-stg/git2go/task/8rfce0iy1km8}\\\\n+debug 2025/06/17 13:50:29 Task attached:  \\\\u0026{8rfce0iy1km8 http://localhost:3000/cosine-stg/git2go/task/8rfce0iy1km8}\\\\n+debug 2025/06/17 13:50:29 Create task response:  \\\\u0026{ http://localhost:3000/cosine-stg/git2go/task/8rfce0iy1km8}\\\\n+debug 2025/06/17 13:50:30 Received CLI command: {\\\\n+  \\\\\\\"requestId\\\\\\\": \\\\\\\"5f3a1226-7123-412e-b327-ef83821ff035\\\\\\\",\\\\n+  \\\\\\\"Payload\\\\\\\": {\\\\n+    \\\\\\\"HeadAndBranchRequest\\\\\\\": {\\\\n+      \\\\\\\"workspaceSessionId\\\\\\\": \\\\\\\"cli:744\\\\\\\"\\\\n+    }\\\\n+  }\\\\n+}\\\\n+debug 2025/06/17 13:50:30 Received CLI command requestId:\\\\\\\"5f3a1226-7123-412e-b327-ef83821ff035\\\\\\\" head_and_branch_request:{workspaceSessionId:\\\\\\\"cli:744\\\\\\\"}\\\\n+debug 2025/06/17 13:50:30 Sending result: {\\\\n+  \\\\\\\"requestId\\\\\\\": \\\\\\\"5f3a1226-7123-412e-b327-ef83821ff035\\\\\\\",\\\\n+  \\\\\\\"Payload\\\\\\\": {\\\\n+    \\\\\\\"HeadAndBranchResponse\\\\\\\": {\\\\n+      \\\\\\\"head\\\\\\\": \\\\\\\"4b14d29c207e9969ea62a7fe07d490b036c14722\\\\\\\",\\\\n+      \\\\\\\"branch\\\\\\\": \\\\\\\"HEAD\\\\\\\"\\\\n+    }\\\\n+  }\\\\n+}\\\\n+debug 2025/06/17 13:50:30 Received CLI command: {\\\\n+  \\\\\\\"requestId\\\\\\\": \\\\\\\"2a633907-e598-46b9-b95b-c91e186e0212\\\\\\\",\\\\n+  \\\\\\\"Payload\\\\\\\": {\\\\n+    \\\\\\\"DiffRequest\\\\\\\": {\\\\n+      \\\\\\\"workspaceSessionId\\\\\\\": \\\\\\\"cli:744\\\\\\\",\\\\n+      \\\\\\\"sourceSha\\\\\\\": \\\\\\\"4b14d29c207e9969ea62a7fe07d490b036c14722\\\\\\\",\\\\n+      \\\\\\\"includeUntracked\\\\\\\": true\\\\n+    }\\\\n+  }\\\\n+}\\\\n+debug 2025/06/17 13:50:30 Received CLI command requestId:\\\\\\\"2a633907-e598-46b9-b95b-c91e186e0212\\\\\\\" diff_request:{workspaceSessionId:\\\\\\\"cli:744\\\\\\\" sourceSha:\\\\\\\"4b14d29c207e9969ea62a7fe07d490b036c14722\\\\\\\" includeUntracked:true}\\\\n+debug 2025/06/17 13:50:30 Sending result: {\\\\n+  \\\\\\\"requestId\\\\\\\": \\\\\\\"2a633907-e598-46b9-b95b-c91e186e0212\\\\\\\",\\\\n+  \\\\\\\"Payload\\\\\\\": {\\\\n+    \\\\\\\"DiffResponse\\\\\\\": {\\\\n+      \\\\\\\"diff\\\\\\\": \\\\\\\"diff --git a/debug.log b/debug.log\\\\\\\\nnew file mode 100644\\\\\\\\nindex 0000000..fda468f\\\\\\\\n--- /dev/null\\\\\\\\n+++ b/debug.log\\\\\\\\n@@ -0,0 +1,56 @@\\\\\\\\n+debug 2025/06/17 13:50:04 Projects:  [{zhzf24w8jo86 git2go git2go Cosine cosine-stg true} {3a0kipihmuz6 cosine-monorepo cosine-monorepo Cosine cosine-stg false} {p0kel9d9u0g0 cosine-rl cosine-rl Cosine cosine-stg false} {jxtrljw9ugtq exo exo Cosine cosine-stg false} {dv5u2vgy2tsc experiments experiments Cosine cosine-stg false} {zpyq6g5i5rry genie-use genie-use Cosine cosine-stg false} {jv1ogp3k60pq nestjs-neo4j nestjs-neo4j Cosine cosine-stg false} {27e0n6esim25 next-js-saas-starter next-js-saas-starter Cosine cosine-stg false} {lxcet1afp6r8 swelancer-benchmark swelancer-benchmark Cosine cosine-stg false} {13xv5h1dh0lc swelancer-expensify-app swelancer-expensify-app Cosine cosine-stg false} {c4w4qrzzqhl5 vscode vscode Cosine cosine-stg false} {wpxyviz2zrp8 portfolio portfolio Cameron Nimmo qvzkuw5ud4dl false}]\\\\\\\\n+debug 2025/06/17 13:50:14 Starting serve command\\\\\\\\n+debug 2025/06/17 13:50:14 Received JSON message: {\\\\\\\\\\\\\\\"connectedMessage\\\\\\\\\\\\\\\":{\\\\\\\\\\\\\\\"cliSessionId\\\\\\\\\\\\\\\":\\\\\\\\\\\\\\\"67c8vgduzzty\\\\\\\\\\\\\\\",\\\\\\\\\\\\\\\"url\\\\\\\\\\\\\\\":\\\\\\\\\\\\\\\"localhost:3000\\\\\\\\\\\\\\\"}}\\\\\\\\n+debug 2025/06/17 13:50:14 Received connected message\\\\\\\\n+debug 2025/06/17 13:50:14 Sending message to readCh \\\\\\\\u0026{67c8vgduzzty localhost:3000}\\\\\\\\n+debug 2025/06/17 13:50:14 Connected:  \\\\\\\\u0026{67c8vgduzzty localhost:3000}\\\\\\\\n+debug 2025/06/17 13:50:28 Enter:  enter\\\\\\\\n+debug 2025/06/17 13:50:28 Received CLI command: {\\\\\\\\n+  \\\\\\\\\\\\\\\"requestId\\\\\\\\\\\\\\\": \\\\\\\\\\\\\\\"520a6629-3675-49da-84a4-d548dfbe6e2d\\\\\\\\\\\\\\\",\\\\\\\\n+  \\\\\\\\\\\\\\\"Payload\\\\\\\\\\\\\\\": {\\\\\\\\n+    \\\\\\\\\\\\\\\"CheckoutRequest\\\\\\\\\\\\\\\": {\\\\\\\\n+      \\\\\\\\\\\\\\\"sha\\\\\\\\\\\\\\\": \\\\\\\\\\\\\\\"4b14d29c207e9969ea62a7fe07d490b036c14722\\\\\\\\\\\\\\\"\\\\\\\\n+    }\\\\\\\\n+  }\\\\\\\\n+}\\\\\\\\n+debug 2025/06/17 13:50:28 Received CLI command requestId:\\\\\\\\\\\\\\\"520a6629-3675-49da-84a4-d548dfbe6e2d\\\\\\\\\\\\\\\" checkout_request:{sha:\\\\\\\\\\\\\\\"4b14d29c207e9969ea62a7fe07d490b036c14722\\\\\\\\\\\\\\\"}\\\\\\\\n+debug 2025/06/17 13:50:29 Sending result: {\\\\\\\\n+  \\\\\\\\\\\\\\\"requestId\\\\\\\\\\\\\\\": \\\\\\\\\\\\\\\"520a6629-3675-49da-84a4-d548dfbe6e2d\\\\\\\\\\\\\\\",\\\\\\\\n+  \\\\\\\\\\\\\\\"Payload\\\\\\\\\\\\\\\": {\\\\\\\\n+    \\\\\\\\\\\\\\\"CheckoutResponse\\\\\\\\\\\\\\\": {}\\\\\\\\n+  }\\\\\\\\n+}\\\\\\\\n+debug 2025/06/17 13:50:29 Received JSON message: {\\\\\\\\\\\\\\\"taskAttachedMessage\\\\\\\\\\\\\\\":{\\\\\\\\\\\\\\\"taskId\\\\\\\\\\\\\\\":\\\\\\\\\\\\\\\"8rfce0iy1km8\\\\\\\\\\\\\\\",\\\\\\\\\\\\\\\"url\\\\\\\\\\\\\\\":\\\\\\\\\\\\\\\"http://localhost:3000/cosine-stg/git2go/task/8rfce0iy1km8\\\\\\\\\\\\\\\"}}\\\\\\\\n+debug 2025/06/17 13:50:29 Received task attached message\\\\\\\\n+debug 2025/06/17 13:50:29 Sending message to readCh \\\\\\\\u0026{8rfce0iy1km8 http://localhost:3000/cosine-stg/git2go/task/8rfce0iy1km8}\\\\\\\\n+debug 2025/06/17 13:50:29 Task attached:  \\\\\\\\u0026{8rfce0iy1km8 http://localhost:3000/cosine-stg/git2go/task/8rfce0iy1km8}\\\\\\\\n+debug 2025/06/17 13:50:29 Create task response:  \\\\\\\\u0026{ http://localhost:3000/cosine-stg/git2go/task/8rfce0iy1km8}\\\\\\\\n+debug 2025/06/17 13:50:30 Received CLI command: {\\\\\\\\n+  \\\\\\\\\\\\\\\"requestId\\\\\\\\\\\\\\\": \\\\\\\\\\\\\\\"5f3a1226-7123-412e-b327-ef83821ff035\\\\\\\\\\\\\\\",\\\\\\\\n+  \\\\\\\\\\\\\\\"Payload\\\\\\\\\\\\\\\": {\\\\\\\\n+    \\\\\\\\\\\\\\\"HeadAndBranchRequest\\\\\\\\\\\\\\\": {\\\\\\\\n+      \\\\\\\\\\\\\\\"workspaceSessionId\\\\\\\\\\\\\\\": \\\\\\\\\\\\\\\"cli:744\\\\\\\\\\\\\\\"\\\\\\\\n+    }\\\\\\\\n+  }\\\\\\\\n+}\\\\\\\\n+debug 2025/06/17 13:50:30 Received CLI command requestId:\\\\\\\\\\\\\\\"5f3a1226-7123-412e-b327-ef83821ff035\\\\\\\\\\\\\\\" head_and_branch_request:{workspaceSessionId:\\\\\\\\\\\\\\\"cli:744\\\\\\\\\\\\\\\"}\\\\\\\\n+debug 2025/06/17 13:50:30 Sending result: {\\\\\\\\n+  \\\\\\\\\\\\\\\"requestId\\\\\\\\\\\\\\\": \\\\\\\\\\\\\\\"5f3a1226-7123-412e-b327-ef83821ff035\\\\\\\\\\\\\\\",\\\\\\\\n+  \\\\\\\\\\\\\\\"Payload\\\\\\\\\\\\\\\": {\\\\\\\\n+    \\\\\\\\\\\\\\\"HeadAndBranchResponse\\\\\\\\\\\\\\\": {\\\\\\\\n+      \\\\\\\\\\\\\\\"head\\\\\\\\\\\\\\\": \\\\\\\\\\\\\\\"4b14d29c207e9969ea62a7fe07d490b036c14722\\\\\\\\\\\\\\\",\\\\\\\\n+      \\\\\\\\\\\\\\\"branch\\\\\\\\\\\\\\\": \\\\\\\\\\\\\\\"HEAD\\\\\\\\\\\\\\\"\\\\\\\\n+    }\\\\\\\\n+  }\\\\\\\\n+}\\\\\\\\n+debug 2025/06/17 13:50:30 Received CLI command: {\\\\\\\\n+  \\\\\\\\\\\\\\\"requestId\\\\\\\\\\\\\\\": \\\\\\\\\\\\\\\"2a633907-e598-46b9-b95b-c91e186e0212\\\\\\\\\\\\\\\",\\\\\\\\n+  \\\\\\\\\\\\\\\"Payload\\\\\\\\\\\\\\\": {\\\\\\\\n+    \\\\\\\\\\\\\\\"DiffRequest\\\\\\\\\\\\\\\": {\\\\\\\\n+      \\\\\\\\\\\\\\\"workspaceSessionId\\\\\\\\\\\\\\\": \\\\\\\\\\\\\\\"cli:744\\\\\\\\\\\\\\\",\\\\\\\\n+      \\\\\\\\\\\\\\\"sourceSha\\\\\\\\\\\\\\\": \\\\\\\\\\\\\\\"4b14d29c207e9969ea62a7fe07d490b036c14722\\\\\\\\\\\\\\\",\\\\\\\\n+      \\\\\\\\\\\\\\\"includeUntracked\\\\\\\\\\\\\\\": true\\\\\\\\n+    }\\\\\\\\n+  }\\\\\\\\n+}\\\\\\\\n+debug 2025/06/17 13:50:30 Received CLI command requestId:\\\\\\\\\\\\\\\"2a633907-e598-46b9-b95b-c91e186e0212\\\\\\\\\\\\\\\" diff_request:{workspaceSessionId:\\\\\\\\\\\\\\\"cli:744\\\\\\\\\\\\\\\" sourceSha:\\\\\\\\\\\\\\\"4b14d29c207e9969ea62a7fe07d490b036c14722\\\\\\\\\\\\\\\" includeUntracked:true}\\\\\\\\n\\\\\\\"\\\\n+    }\\\\n+  }\\\\n+}\\\\n+debug 2025/06/17 13:50:30 Received CLI command: {\\\\n+  \\\\\\\"requestId\\\\\\\": \\\\\\\"c4eb71ce-3097-4039-a8f2-3440f3ca8cef\\\\\\\",\\\\n+  \\\\\\\"Payload\\\\\\\": {\\\\n+    \\\\\\\"DiffRequest\\\\\\\": {\\\\n+      \\\\\\\"workspaceSessionId\\\\\\\": \\\\\\\"cli:744\\\\\\\",\\\\n+      \\\\\\\"sourceSha\\\\\\\": \\\\\\\"HEAD\\\\\\\",\\\\n+      \\\\\\\"includeUntracked\\\\\\\": true\\\\n+    }\\\\n+  }\\\\n+}\\\\n+debug 2025/06/17 13:50:30 Received CLI command requestId:\\\\\\\"c4eb71ce-3097-4039-a8f2-3440f3ca8cef\\\\\\\" diff_request:{workspaceSessionId:\\\\\\\"cli:744\\\\\\\" sourceSha:\\\\\\\"HEAD\\\\\\\" includeUntracked:true}\\\\n\\\"\\n    }\\n  }\\n}\\ndebug 2025/06/17 13:50:30 Received CLI command: {\\n  \\\"requestId\\\": \\\"3bc69592-3114-4660-b556-584c3b44b21e\\\",\\n  \\\"Payload\\\": {\\n    \\\"TreeV2Request\\\": {\\n      \\\"workspaceSessionId\\\": \\\"cli:744\\\",\\n      \\\"format\\\": 1,\\n      \\\"maxDepth\\\": 1\\n    }\\n  }\\n}\\ndebug 2025/06/17 13:50:30 Received CLI command requestId:\\\"3bc69592-3114-4660-b556-584c3b44b21e\\\" tree_v2_request:{workspaceSessionId:\\\"cli:744\\\" format:STRING maxDepth:1}\\ndebug 2025/06/17 13:50:30 Sending result: {\\n  \\\"requestId\\\": \\\"3bc69592-3114-4660-b556-584c3b44b21e\\\",\\n  \\\"Payload\\\": {\\n    \\\"TreeV2Response\\\": {\\n      \\\"file\\\": [\\n        \\\" Build_bundled_static.go\\\\n Build_system_dynamic.go\\\\n Build_system_static.go\\\\n Makefile\\\\n README.md\\\\n blame.go\\\\n blame_test.go\\\\n blob.go\\\\n blob_test.go\\\\n branch.go\\\\n branch_test.go\\\\n checkout.go\\\\n cherrypick.go\\\\n cherrypick_test.go\\\\n clone.go\\\\n clone_test.go\\\\n commit.go\\\\n config.go\\\\n config_test.go\\\\n credentials.go\\\\n delta_string.go\\\\n deprecated.go\\\\n describe.go\\\\n describe_test.go\\\\n diff.go\\\\n diff_test.go\\\\n difflinetype_string.go\\\\n errorclass_string.go\\\\n errorcode_string.go\\\\n features.go\\\\n git.go\\\\n git_test.go\\\\n graph.go\\\\n graph_test.go\\\\n handles.go\\\\n http.go\\\\n ignore.go\\\\n index.go\\\\n index_test.go\\\\n indexer.go\\\\n indexer_test.go\\\\n mempack.go\\\\n mempack_test.go\\\\n merge.go\\\\n merge_test.go\\\\n message.go\\\\n message_test.go\\\\n note.go\\\\n note_test.go\\\\n object.go\\\\n object_test.go\\\\n odb.go\\\\n odb_test.go\\\\n packbuilder.go\\\\n patch.go\\\\n patch_test.go\\\\n push_test.go\\\\n rebase.go\\\\n rebase_test.go\\\\n refdb.go\\\\n reference.go\\\\n reference_test.go\\\\n refspec.go\\\\n refspec_test.go\\\\n remote.go\\\\n remote_test.go\\\\n repository.go\\\\n repository_test.go\\\\n reset.go\\\\n reset_test.go\\\\n revert.go\\\\n revert_test.go\\\\n revparse.go\\\\n revparse_test.go\\\\n script/\\\\n settings.go\\\\n settings_test.go\\\\n signature.go\\\\n ssh.go\\\\n stash.go\\\\n stash_test.go\\\\n status.go\\\\n status_test.go\\\\n submodule.go\\\\n submodule_test.go\\\\n tag.go\\\\n tag_test.go\\\\n testdata/\\\\n transport.go\\\\n transport_test.go\\\\n tree.go\\\\n tree_test.go\\\\n vendor/\\\\n walk.go\\\\n wrapper.c\\\\n\\\"\\n      ],\\n      \\\"count\\\": 96\\n    }\\n  }\\n}\\ndebug 2025/06/17 13:50:30 Received CLI command: {\\n  \\\"requestId\\\": \\\"b41bdc98-23a6-4e33-94b7-c4a33a5f09c4\\\",\\n  \\\"Payload\\\": {\\n    \\\"FileRequest\\\": {\\n      \\\"workspaceSessionId\\\": \\\"cli:744\\\",\\n      \\\"file\\\": \\\"debug.log\\\"\\n    }\\n  }\\n}\\ndebug 2025/06/17 13:50:30 Received CLI command requestId:\\\"b41bdc98-23a6-4e33-94b7-c4a33a5f09c4\\\" file_request:{workspaceSessionId:\\\"cli:744\\\" file:\\\"debug.log\\\"}\\n\"\n+      }\n+    }\n+  }\n+}\n+debug 2025/06/17 13:50:30 Received CLI command: {\n+  \"requestId\": \"e847d33a-3fbe-4f3f-984c-daf9e7ab1f74\",\n+  \"Payload\": {\n+    \"TreeV2Request\": {\n+      \"workspaceSessionId\": \"cli:744\",\n+      \"format\": 1,\n+      \"maxDepth\": 1,\n+      \"filePath\": \"debug.log\"\n+    }\n+  }\n+}\n+debug 2025/06/17 13:50:30 Received CLI command requestId:\"e847d33a-3fbe-4f3f-984c-daf9e7ab1f74\" tree_v2_request:{workspaceSessionId:\"cli:744\" format:STRING maxDepth:1 filePath:\"debug.log\"}\n+debug 2025/06/17 13:50:30 Generating partial tree list for [debug.log] with rootdir /Users/cameron/Documents/git2go\n+debug 2025/06/17 13:50:30 Generating partial tree for debug.log with rootdir /Users/cameron/Documents/git2go\n+debug 2025/06/17 13:50:30 Generating partial tree list for [debug.log] with rootdir /Users/cameron/Documents/git2go\n+debug 2025/06/17 13:50:30 Sending result: {\n+  \"requestId\": \"e847d33a-3fbe-4f3f-984c-daf9e7ab1f74\",\n+  \"Payload\": {\n+    \"TreeV2Response\": {\n+      \"file\": [\n+        \"         debug.log\\n         .git/\\n         .github/\\n         .gitignore\\n         .gitmodules\\n         Build_bundled_static.go\\n         Build_system_dynamic.go\\n         Build_system_static.go\\n         LICENSE\\n         Makefile\\n         README.md\\n         blame.go\\n         blame_test.go\\n         blob.go\\n         blob_test.go\\n         branch.go\\n         branch_test.go\\n         checkout.go\\n         cherrypick.go\\n         cherrypick_test.go\\n         clone.go\\n         clone_test.go\\n         commit.go\\n         config.go\\n         config_test.go\\n         credentials.go\\n         delta_string.go\\n         deprecated.go\\n         describe.go\\n         describe_test.go\\n         diff.go\\n         diff_test.go\\n         difflinetype_string.go\\n         errorclass_string.go\\n         errorcode_string.go\\n         features.go\\n         git.go\\n         git_test.go\\n         go.mod\\n         go.sum\\n         graph.go\\n         graph_test.go\\n         handles.go\\n         http.go\\n         ignore.go\\n         index.go\\n         index_test.go\\n         indexer.go\\n         indexer_test.go\\n         mempack.go\\n         mempack_test.go\\n         merge.go\\n         merge_test.go\\n         message.go\\n         message_test.go\\n         note.go\\n         note_test.go\\n         object.go\\n         object_test.go\\n         odb.go\\n         odb_test.go\\n         packbuilder.go\\n         patch.go\\n         patch_test.go\\n         push_test.go\\n         rebase.go\\n         rebase_test.go\\n         refdb.go\\n         reference.go\\n         reference_test.go\\n         refspec.go\\n         refspec_test.go\\n         remote.go\\n         remote_test.go\\n         repository.go\\n         repository_test.go\\n         reset.go\\n         reset_test.go\\n         revert.go\\n         revert_test.go\\n         revparse.go\\n         revparse_test.go\\n         script/\\n         settings.go\\n         settings_test.go\\n         signature.go\\n         ssh.go\\n         stash.go\\n         stash_test.go\\n         status.go\\n         status_test.go\\n         submodule.go\\n         submodule_test.go\\n         tag.go\\n         tag_test.go\\n         testdata/\\n         transport.go\\n         transport_test.go\\n         tree.go\\n         tree_test.go\\n         vendor/\\n         walk.go\\n         wrapper.c\"\n+      ],\n+      \"count\": 103\n+    }\n+  }\n+}\n+debug 2025/06/17 13:50:34 Received CLI command: {\n+  \"requestId\": \"74339702-9d6a-48c3-bfe4-c30fec0ced5e\",\n+  \"Payload\": {\n+    \"FileRequest\": {\n+      \"workspaceSessionId\": \"cli:744\",\n+      \"file\": \"fib.go\"\n+    }\n+  }\n+}\n+debug 2025/06/17 13:50:34 Received CLI command requestId:\"74339702-9d6a-48c3-bfe4-c30fec0ced5e\" file_request:{workspaceSessionId:\"cli:744\" file:\"fib.go\"}\n+debug 2025/06/17 13:50:34 Sending result: {\n+  \"requestId\": \"74339702-9d6a-48c3-bfe4-c30fec0ced5e\",\n+  \"Payload\": {\n+    \"FileResponse\": {}\n+  }\n+}\n+debug 2025/06/17 13:50:38 Received CLI command: {\n+  \"requestId\": \"9ff0f55b-5cbc-43a0-b77b-0549b9f1214c\",\n+  \"Payload\": {\n+    \"ApplyCodeChangeRequest\": {\n+      \"workspaceSessionId\": \"cli:744\",\n+      \"change\": \"\\u003cbof\\u003e\\n// fib.go\\n// Package main provides a Fibonacci sequence generator using Go channels.\\npackage main\\n\\nimport \\\"fmt\\\"\\n\\n// FibGenerator returns a channel that produces Fibonacci numbers up to n values.\\n// If n is 0, it generates an infinite sequence (caller must break).\\nfunc FibGenerator(n int) \\u003c-chan int {\\n\\tch := make(chan int)\\n\\tgo func() {\\n\\t\\tdefer close(ch)\\n\\t\\ta, b := 0, 1\\n\\t\\tcount := 0\\n\\t\\tfor {\\n\\t\\t\\tif n \\u003e 0 \\u0026\\u0026 count \\u003e= n {\\n\\t\\t\\t\\treturn\\n\\t\\t\\t}\\n\\t\\t\\tch \\u003c- a\\n\\t\\t\\ta, b = b, a+b\\n\\t\\t\\tcount++\\n\\t\\t}\\n\\t}()\\n\\treturn ch\\n}\\n\\n// Example usage\\nfunc main() {\\n\\tfmt.Println(\\\"First 10 Fibonacci numbers:\\\")\\n\\tfor num := range FibGenerator(10) {\\n\\t\\tfmt.Print(num, \\\" \\\")\\n\\t}\\n\\tfmt.Println()\\n}\\n\\n\\u003ceof\\u003e\",\n+      \"contextLinesLength\": 15,\n+      \"filePath\": \"fib.go\"\n+    }\n+  }\n+}\n+debug 2025/06/17 13:50:38 Received CLI command requestId:\"9ff0f55b-5cbc-43a0-b77b-0549b9f1214c\" apply_code_change_request:{workspaceSessionId:\"cli:744\" change:\"\u003cbof\u003e\\n// fib.go\\n// Package main provides a Fibonacci sequence generator using Go channels.\\npackage main\\n\\nimport \\\"fmt\\\"\\n\\n// FibGenerator returns a channel that produces Fibonacci numbers up to n values.\\n// If n is 0, it generates an infinite sequence (caller must break).\\nfunc FibGenerator(n int) \u003c-chan int {\\n\\tch := make(chan int)\\n\\tgo func() {\\n\\t\\tdefer close(ch)\\n\\t\\ta, b := 0, 1\\n\\t\\tcount := 0\\n\\t\\tfor {\\n\\t\\t\\tif n \u003e 0 \u0026\u0026 count \u003e= n {\\n\\t\\t\\t\\treturn\\n\\t\\t\\t}\\n\\t\\t\\tch \u003c- a\\n\\t\\t\\ta, b = b, a+b\\n\\t\\t\\tcount++\\n\\t\\t}\\n\\t}()\\n\\treturn ch\\n}\\n\\n// Example usage\\nfunc main() {\\n\\tfmt.Println(\\\"First 10 Fibonacci numbers:\\\")\\n\\tfor num := range FibGenerator(10) {\\n\\t\\tfmt.Print(num, \\\" \\\")\\n\\t}\\n\\tfmt.Println()\\n}\\n\\n\u003ceof\u003e\" contextLinesLength:15 filePath:\"fib.go\"}\ndiff --git a/fib.go b/fib.go\nnew file mode 100644\nindex 0000000..43dab1b\n--- /dev/null\n+++ b/fib.go\n@@ -0,0 +1,34 @@\n+// fib.go\n+// Package main provides a Fibonacci sequence generator using Go channels.\n+package main\n+\n+import \"fmt\"\n+\n+// FibGenerator returns a channel that produces Fibonacci numbers up to n values.\n+// If n is 0, it generates an infinite sequence (caller must break).\n+func FibGenerator(n int) \u003c-chan int {\n+\tch := make(chan int)\n+\tgo func() {\n+\t\tdefer close(ch)\n+\t\ta, b := 0, 1\n+\t\tcount := 0\n+\t\tfor {\n+\t\t\tif n \u003e 0 \u0026\u0026 count \u003e= n {\n+\t\t\t\treturn\n+\t\t\t}\n+\t\t\tch \u003c- a\n+\t\t\ta, b = b, a+b\n+\t\t\tcount++\n+\t\t}\n+\t}()\n+\treturn ch\n+}\n+\n+// Example usage\n+func main() {\n+\tfmt.Println(\"First 10 Fibonacci numbers:\")\n+\tfor num := range FibGenerator(10) {\n+\t\tfmt.Print(num, \" \")\n+\t}\n+\tfmt.Println()\n+}\n"
    }
  }
}
debug 2025/06/17 13:50:38 Received CLI command: {
  "requestId": "65336c7d-9c28-44df-a7b3-9c02ad1f33af",
  "Payload": {
    "ApplyCodeChangeRequest": {
      "workspaceSessionId": "cli:744",
      "change": "\u003cbof\u003e\n// fib.go\n// Package main provides a Fibonacci sequence generator using Go channels.\npackage main\n\nimport \"fmt\"\n\n// FibGenerator returns a channel that produces Fibonacci numbers up to n values.\n// If n is 0, it generates an infinite sequence (caller must break).\nfunc FibGenerator(n int) \u003c-chan int {\n\tch := make(chan int)\n\tgo func() {\n\t\tdefer close(ch)\n\t\ta, b := 0, 1\n\t\tcount := 0\n\t\tfor {\n\t\t\tif n \u003e 0 \u0026\u0026 count \u003e= n {\n\t\t\t\treturn\n\t\t\t}\n\t\t\tch \u003c- a\n\t\t\ta, b = b, a+b\n\t\t\tcount++\n\t\t}\n\t}()\n\treturn ch\n}\n\n// Example usage\nfunc main() {\n\tfmt.Println(\"First 10 Fibonacci numbers:\")\n\tfor num := range FibGenerator(10) {\n\t\tfmt.Print(num, \" \")\n\t}\n\tfmt.Println()\n}\n\u003ceof\u003e",
      "contextLinesLength": 15,
      "filePath": "fib.go"
    }
  }
}
debug 2025/06/17 13:50:38 Received CLI command requestId:"65336c7d-9c28-44df-a7b3-9c02ad1f33af" apply_code_change_request:{workspaceSessionId:"cli:744" change:"<bof>\n// fib.go\n// Package main provides a Fibonacci sequence generator using Go channels.\npackage main\n\nimport \"fmt\"\n\n// FibGenerator returns a channel that produces Fibonacci numbers up to n values.\n// If n is 0, it generates an infinite sequence (caller must break).\nfunc FibGenerator(n int) <-chan int {\n\tch := make(chan int)\n\tgo func() {\n\t\tdefer close(ch)\n\t\ta, b := 0, 1\n\t\tcount := 0\n\t\tfor {\n\t\t\tif n > 0 && count >= n {\n\t\t\t\treturn\n\t\t\t}\n\t\t\tch <- a\n\t\t\ta, b = b, a+b\n\t\t\tcount++\n\t\t}\n\t}()\n\treturn ch\n}\n\n// Example usage\nfunc main() {\n\tfmt.Println(\"First 10 Fibonacci numbers:\")\n\tfor num := range FibGenerator(10) {\n\t\tfmt.Print(num, \" \")\n\t}\n\tfmt.Println()\n}\n<eof>" contextLinesLength:15 filePath:"fib.go"}
debug 2025/06/17 13:50:38 Sending result: {
  "requestId": "65336c7d-9c28-44df-a7b3-9c02ad1f33af",
  "Payload": {
    "ApplyCodeChangeResponse": {
      "diff": "diff --git a/debug.log b/debug.log\nnew file mode 100644\nindex 0000000..32821b6\n--- /dev/null\n+++ b/debug.log\n@@ -0,0 +1,200 @@\n+debug 2025/06/17 13:50:04 Projects:  [{zhzf24w8jo86 git2go git2go Cosine cosine-stg true} {3a0kipihmuz6 cosine-monorepo cosine-monorepo Cosine cosine-stg false} {p0kel9d9u0g0 cosine-rl cosine-rl Cosine cosine-stg false} {jxtrljw9ugtq exo exo Cosine cosine-stg false} {dv5u2vgy2tsc experiments experiments Cosine cosine-stg false} {zpyq6g5i5rry genie-use genie-use Cosine cosine-stg false} {jv1ogp3k60pq nestjs-neo4j nestjs-neo4j Cosine cosine-stg false} {27e0n6esim25 next-js-saas-starter next-js-saas-starter Cosine cosine-stg false} {lxcet1afp6r8 swelancer-benchmark swelancer-benchmark Cosine cosine-stg false} {13xv5h1dh0lc swelancer-expensify-app swelancer-expensify-app Cosine cosine-stg false} {c4w4qrzzqhl5 vscode vscode Cosine cosine-stg false} {wpxyviz2zrp8 portfolio portfolio Cameron Nimmo qvzkuw5ud4dl false}]\n+debug 2025/06/17 13:50:14 Starting serve command\n+debug 2025/06/17 13:50:14 Received JSON message: {\"connectedMessage\":{\"cliSessionId\":\"67c8vgduzzty\",\"url\":\"localhost:3000\"}}\n+debug 2025/06/17 13:50:14 Received connected message\n+debug 2025/06/17 13:50:14 Sending message to readCh \u0026{67c8vgduzzty localhost:3000}\n+debug 2025/06/17 13:50:14 Connected:  \u0026{67c8vgduzzty localhost:3000}\n+debug 2025/06/17 13:50:28 Enter:  enter\n+debug 2025/06/17 13:50:28 Received CLI command: {\n+  \"requestId\": \"520a6629-3675-49da-84a4-d548dfbe6e2d\",\n+  \"Payload\": {\n+    \"CheckoutRequest\": {\n+      \"sha\": \"4b14d29c207e9969ea62a7fe07d490b036c14722\"\n+    }\n+  }\n+}\n+debug 2025/06/17 13:50:28 Received CLI command requestId:\"520a6629-3675-49da-84a4-d548dfbe6e2d\" checkout_request:{sha:\"4b14d29c207e9969ea62a7fe07d490b036c14722\"}\n+debug 2025/06/17 13:50:29 Sending result: {\n+  \"requestId\": \"520a6629-3675-49da-84a4-d548dfbe6e2d\",\n+  \"Payload\": {\n+    \"CheckoutResponse\": {}\n+  }\n+}\n+debug 2025/06/17 13:50:29 Received JSON message: {\"taskAttachedMessage\":{\"taskId\":\"8rfce0iy1km8\",\"url\":\"http://localhost:3000/cosine-stg/git2go/task/8rfce0iy1km8\"}}\n+debug 2025/06/17 13:50:29 Received task attached message\n+debug 2025/06/17 13:50:29 Sending message to readCh \u0026{8rfce0iy1km8 http://localhost:3000/cosine-stg/git2go/task/8rfce0iy1km8}\n+debug 2025/06/17 13:50:29 Task attached:  \u0026{8rfce0iy1km8 http://localhost:3000/cosine-stg/git2go/task/8rfce0iy1km8}\n+debug 2025/06/17 13:50:29 Create task response:  \u0026{ http://localhost:3000/cosine-stg/git2go/task/8rfce0iy1km8}\n+debug 2025/06/17 13:50:30 Received CLI command: {\n+  \"requestId\": \"5f3a1226-7123-412e-b327-ef83821ff035\",\n+  \"Payload\": {\n+    \"HeadAndBranchRequest\": {\n+      \"workspaceSessionId\": \"cli:744\"\n+    }\n+  }\n+}\n+debug 2025/06/17 13:50:30 Received CLI command requestId:\"5f3a1226-7123-412e-b327-ef83821ff035\" head_and_branch_request:{workspaceSessionId:\"cli:744\"}\n+debug 2025/06/17 13:50:30 Sending result: {\n+  \"requestId\": \"5f3a1226-7123-412e-b327-ef83821ff035\",\n+  \"Payload\": {\n+    \"HeadAndBranchResponse\": {\n+      \"head\": \"4b14d29c207e9969ea62a7fe07d490b036c14722\",\n+      \"branch\": \"HEAD\"\n+    }\n+  }\n+}\n+debug 2025/06/17 13:50:30 Received CLI command: {\n+  \"requestId\": \"2a633907-e598-46b9-b95b-c91e186e0212\",\n+  \"Payload\": {\n+    \"DiffRequest\": {\n+      \"workspaceSessionId\": \"cli:744\",\n+      \"sourceSha\": \"4b14d29c207e9969ea62a7fe07d490b036c14722\",\n+      \"includeUntracked\": true\n+    }\n+  }\n+}\n+debug 2025/06/17 13:50:30 Received CLI command requestId:\"2a633907-e598-46b9-b95b-c91e186e0212\" diff_request:{workspaceSessionId:\"cli:744\" sourceSha:\"4b14d29c207e9969ea62a7fe07d490b036c14722\" includeUntracked:true}\n+debug 2025/06/17 13:50:30 Sending result: {\n+  \"requestId\": \"2a633907-e598-46b9-b95b-c91e186e0212\",\n+  \"Payload\": {\n+    \"DiffResponse\": {\n+      \"diff\": \"diff --git a/debug.log b/debug.log\\nnew file mode 100644\\nindex 0000000..fda468f\\n--- /dev/null\\n+++ b/debug.log\\n@@ -0,0 +1,56 @@\\n+debug 2025/06/17 13:50:04 Projects:  [{zhzf24w8jo86 git2go git2go Cosine cosine-stg true} {3a0kipihmuz6 cosine-monorepo cosine-monorepo Cosine cosine-stg false} {p0kel9d9u0g0 cosine-rl cosine-rl Cosine cosine-stg false} {jxtrljw9ugtq exo exo Cosine cosine-stg false} {dv5u2vgy2tsc experiments experiments Cosine cosine-stg false} {zpyq6g5i5rry genie-use genie-use Cosine cosine-stg false} {jv1ogp3k60pq nestjs-neo4j nestjs-neo4j Cosine cosine-stg false} {27e0n6esim25 next-js-saas-starter next-js-saas-starter Cosine cosine-stg false} {lxcet1afp6r8 swelancer-benchmark swelancer-benchmark Cosine cosine-stg false} {13xv5h1dh0lc swelancer-expensify-app swelancer-expensify-app Cosine cosine-stg false} {c4w4qrzzqhl5 vscode vscode Cosine cosine-stg false} {wpxyviz2zrp8 portfolio portfolio Cameron Nimmo qvzkuw5ud4dl false}]\\n+debug 2025/06/17 13:50:14 Starting serve command\\n+debug 2025/06/17 13:50:14 Received JSON message: {\\\"connectedMessage\\\":{\\\"cliSessionId\\\":\\\"67c8vgduzzty\\\",\\\"url\\\":\\\"localhost:3000\\\"}}\\n+debug 2025/06/17 13:50:14 Received connected message\\n+debug 2025/06/17 13:50:14 Sending message to readCh \\u0026{67c8vgduzzty localhost:3000}\\n+debug 2025/06/17 13:50:14 Connected:  \\u0026{67c8vgduzzty localhost:3000}\\n+debug 2025/06/17 13:50:28 Enter:  enter\\n+debug 2025/06/17 13:50:28 Received CLI command: {\\n+  \\\"requestId\\\": \\\"520a6629-3675-49da-84a4-d548dfbe6e2d\\\",\\n+  \\\"Payload\\\": {\\n+    \\\"CheckoutRequest\\\": {\\n+      \\\"sha\\\": \\\"4b14d29c207e9969ea62a7fe07d490b036c14722\\\"\\n+    }\\n+  }\\n+}\\n+debug 2025/06/17 13:50:28 Received CLI command requestId:\\\"520a6629-3675-49da-84a4-d548dfbe6e2d\\\" checkout_request:{sha:\\\"4b14d29c207e9969ea62a7fe07d490b036c14722\\\"}\\n+debug 2025/06/17 13:50:29 Sending result: {\\n+  \\\"requestId\\\": \\\"520a6629-3675-49da-84a4-d548dfbe6e2d\\\",\\n+  \\\"Payload\\\": {\\n+    \\\"CheckoutResponse\\\": {}\\n+  }\\n+}\\n+debug 2025/06/17 13:50:29 Received JSON message: {\\\"taskAttachedMessage\\\":{\\\"taskId\\\":\\\"8rfce0iy1km8\\\",\\\"url\\\":\\\"http://localhost:3000/cosine-stg/git2go/task/8rfce0iy1km8\\\"}}\\n+debug 2025/06/17 13:50:29 Received task attached message\\n+debug 2025/06/17 13:50:29 Sending message to readCh \\u0026{8rfce0iy1km8 http://localhost:3000/cosine-stg/git2go/task/8rfce0iy1km8}\\n+debug 2025/06/17 13:50:29 Task attached:  \\u0026{8rfce0iy1km8 http://localhost:3000/cosine-stg/git2go/task/8rfce0iy1km8}\\n+debug 2025/06/17 13:50:29 Create task response:  \\u0026{ http://localhost:3000/cosine-stg/git2go/task/8rfce0iy1km8}\\n+debug 2025/06/17 13:50:30 Received CLI command: {\\n+  \\\"requestId\\\": \\\"5f3a1226-7123-412e-b327-ef83821ff035\\\",\\n+  \\\"Payload\\\": {\\n+    \\\"HeadAndBranchRequest\\\": {\\n+      \\\"workspaceSessionId\\\": \\\"cli:744\\\"\\n+    }\\n+  }\\n+}\\n+debug 2025/06/17 13:50:30 Received CLI command requestId:\\\"5f3a1226-7123-412e-b327-ef83821ff035\\\" head_and_branch_request:{workspaceSessionId:\\\"cli:744\\\"}\\n+debug 2025/06/17 13:50:30 Sending result: {\\n+  \\\"requestId\\\": \\\"5f3a1226-7123-412e-b327-ef83821ff035\\\",\\n+  \\\"Payload\\\": {\\n+    \\\"HeadAndBranchResponse\\\": {\\n+      \\\"head\\\": \\\"4b14d29c207e9969ea62a7fe07d490b036c14722\\\",\\n+      \\\"branch\\\": \\\"HEAD\\\"\\n+    }\\n+  }\\n+}\\n+debug 2025/06/17 13:50:30 Received CLI command: {\\n+  \\\"requestId\\\": \\\"2a633907-e598-46b9-b95b-c91e186e0212\\\",\\n+  \\\"Payload\\\": {\\n+    \\\"DiffRequest\\\": {\\n+      \\\"workspaceSessionId\\\": \\\"cli:744\\\",\\n+      \\\"sourceSha\\\": \\\"4b14d29c207e9969ea62a7fe07d490b036c14722\\\",\\n+      \\\"includeUntracked\\\": true\\n+    }\\n+  }\\n+}\\n+debug 2025/06/17 13:50:30 Received CLI command requestId:\\\"2a633907-e598-46b9-b95b-c91e186e0212\\\" diff_request:{workspaceSessionId:\\\"cli:744\\\" sourceSha:\\\"4b14d29c207e9969ea62a7fe07d490b036c14722\\\" includeUntracked:true}\\n\"\n+    }\n+  }\n+}\n+debug 2025/06/17 13:50:30 Received CLI command: {\n+  \"requestId\": \"c4eb71ce-3097-4039-a8f2-3440f3ca8cef\",\n+  \"Payload\": {\n+    \"DiffRequest\": {\n+      \"workspaceSessionId\": \"cli:744\",\n+      \"sourceSha\": \"HEAD\",\n+      \"includeUntracked\": true\n+    }\n+  }\n+}\n+debug 2025/06/17 13:50:30 Received CLI command requestId:\"c4eb71ce-3097-4039-a8f2-3440f3ca8cef\" diff_request:{workspaceSessionId:\"cli:744\" sourceSha:\"HEAD\" includeUntracked:true}\n+debug 2025/06/17 13:50:30 Sending result: {\n+  \"requestId\": \"c4eb71ce-3097-4039-a8f2-3440f3ca8cef\",\n+  \"Payload\": {\n+    \"DiffResponse\": {\n+      \"diff\": \"diff --git a/debug.log b/debug.log\\nnew file mode 100644\\nindex 0000000..46051fb\\n--- /dev/null\\n+++ b/debug.log\\n@@ -0,0 +1,75 @@\\n+debug 2025/06/17 13:50:04 Projects:  [{zhzf24w8jo86 git2go git2go Cosine cosine-stg true} {3a0kipihmuz6 cosine-monorepo cosine-monorepo Cosine cosine-stg false} {p0kel9d9u0g0 cosine-rl cosine-rl Cosine cosine-stg false} {jxtrljw9ugtq exo exo Cosine cosine-stg false} {dv5u2vgy2tsc experiments experiments Cosine cosine-stg false} {zpyq6g5i5rry genie-use genie-use Cosine cosine-stg false} {jv1ogp3k60pq nestjs-neo4j nestjs-neo4j Cosine cosine-stg false} {27e0n6esim25 next-js-saas-starter next-js-saas-starter Cosine cosine-stg false} {lxcet1afp6r8 swelancer-benchmark swelancer-benchmark Cosine cosine-stg false} {13xv5h1dh0lc swelancer-expensify-app swelancer-expensify-app Cosine cosine-stg false} {c4w4qrzzqhl5 vscode vscode Cosine cosine-stg false} {wpxyviz2zrp8 portfolio portfolio Cameron Nimmo qvzkuw5ud4dl false}]\\n+debug 2025/06/17 13:50:14 Starting serve command\\n+debug 2025/06/17 13:50:14 Received JSON message: {\\\"connectedMessage\\\":{\\\"cliSessionId\\\":\\\"67c8vgduzzty\\\",\\\"url\\\":\\\"localhost:3000\\\"}}\\n+debug 2025/06/17 13:50:14 Received connected message\\n+debug 2025/06/17 13:50:14 Sending message to readCh \\u0026{67c8vgduzzty localhost:3000}\\n+debug 2025/06/17 13:50:14 Connected:  \\u0026{67c8vgduzzty localhost:3000}\\n+debug 2025/06/17 13:50:28 Enter:  enter\\n+debug 2025/06/17 13:50:28 Received CLI command: {\\n+  \\\"requestId\\\": \\\"520a6629-3675-49da-84a4-d548dfbe6e2d\\\",\\n+  \\\"Payload\\\": {\\n+    \\\"CheckoutRequest\\\": {\\n+      \\\"sha\\\": \\\"4b14d29c207e9969ea62a7fe07d490b036c14722\\\"\\n+    }\\n+  }\\n+}\\n+debug 2025/06/17 13:50:28 Received CLI command requestId:\\\"520a6629-3675-49da-84a4-d548dfbe6e2d\\\" checkout_request:{sha:\\\"4b14d29c207e9969ea62a7fe07d490b036c14722\\\"}\\n+debug 2025/06/17 13:50:29 Sending result: {\\n+  \\\"requestId\\\": \\\"520a6629-3675-49da-84a4-d548dfbe6e2d\\\",\\n+  \\\"Payload\\\": {\\n+    \\\"CheckoutResponse\\\": {}\\n+  }\\n+}\\n+debug 2025/06/17 13:50:29 Received JSON message: {\\\"taskAttachedMessage\\\":{\\\"taskId\\\":\\\"8rfce0iy1km8\\\",\\\"url\\\":\\\"http://localhost:3000/cosine-stg/git2go/task/8rfce0iy1km8\\\"}}\\n+debug 2025/06/17 13:50:29 Received task attached message\\n+debug 2025/06/17 13:50:29 Sending message to readCh \\u0026{8rfce0iy1km8 http://localhost:3000/cosine-stg/git2go/task/8rfce0iy1km8}\\n+debug 2025/06/17 13:50:29 Task attached:  \\u0026{8rfce0iy1km8 http://localhost:3000/cosine-stg/git2go/task/8rfce0iy1km8}\\n+debug 2025/06/17 13:50:29 Create task response:  \\u0026{ http://localhost:3000/cosine-stg/git2go/task/8rfce0iy1km8}\\n+debug 2025/06/17 13:50:30 Received CLI command: {\\n+  \\\"requestId\\\": \\\"5f3a1226-7123-412e-b327-ef83821ff035\\\",\\n+  \\\"Payload\\\": {\\n+    \\\"HeadAndBranchRequest\\\": {\\n+      \\\"workspaceSessionId\\\": \\\"cli:744\\\"\\n+    }\\n+  }\\n+}\\n+debug 2025/06/17 13:50:30 Received CLI command requestId:\\\"5f3a1226-7123-412e-b327-ef83821ff035\\\" head_and_branch_request:{workspaceSessionId:\\\"cli:744\\\"}\\n+debug 2025/06/17 13:50:30 Sending result: {\\n+  \\\"requestId\\\": \\\"5f3a1226-7123-412e-b327-ef83821ff035\\\",\\n+  \\\"Payload\\\": {\\n+    \\\"HeadAndBranchResponse\\\": {\\n+      \\\"head\\\": \\\"4b14d29c207e9969ea62a7fe07d490b036c14722\\\",\\n+      \\\"branch\\\": \\\"HEAD\\\"\\n+    }\\n+  }\\n+}\\n+debug 2025/06/17 13:50:30 Received CLI command: {\\n+  \\\"requestId\\\": \\\"2a633907-e598-46b9-b95b-c91e186e0212\\\",\\n+  \\\"Payload\\\": {\\n+    \\\"DiffRequest\\\": {\\n+      \\\"workspaceSessionId\\\": \\\"cli:744\\\",\\n+      \\\"sourceSha\\\": \\\"4b14d29c207e9969ea62a7fe07d490b036c14722\\\",\\n+      \\\"includeUntracked\\\": true\\n+    }\\n+  }\\n+}\\n+debug 2025/06/17 13:50:30 Received CLI command requestId:\\\"2a633907-e598-46b9-b95b-c91e186e0212\\\" diff_request:{workspaceSessionId:\\\"cli:744\\\" sourceSha:\\\"4b14d29c207e9969ea62a7fe07d490b036c14722\\\" includeUntracked:true}\\n+debug 2025/06/17 13:50:30 Sending result: {\\n+  \\\"requestId\\\": \\\"2a633907-e598-46b9-b95b-c91e186e0212\\\",\\n+  \\\"Payload\\\": {\\n+    \\\"DiffResponse\\\": {\\n+      \\\"diff\\\": \\\"diff --git a/debug.log b/debug.log\\\\nnew file mode 100644\\\\nindex 0000000..fda468f\\\\n--- /dev/null\\\\n+++ b/debug.log\\\\n@@ -0,0 +1,56 @@\\\\n+debug 2025/06/17 13:50:04 Projects:  [{zhzf24w8jo86 git2go git2go Cosine cosine-stg true} {3a0kipihmuz6 cosine-monorepo cosine-monorepo Cosine cosine-stg false} {p0kel9d9u0g0 cosine-rl cosine-rl Cosine cosine-stg false} {jxtrljw9ugtq exo exo Cosine cosine-stg false} {dv5u2vgy2tsc experiments experiments Cosine cosine-stg false} {zpyq6g5i5rry genie-use genie-use Cosine cosine-stg false} {jv1ogp3k60pq nestjs-neo4j nestjs-neo4j Cosine cosine-stg false} {27e0n6esim25 next-js-saas-starter next-js-saas-starter Cosine cosine-stg false} {lxcet1afp6r8 swelancer-benchmark swelancer-benchmark Cosine cosine-stg false} {13xv5h1dh0lc swelancer-expensify-app swelancer-expensify-app Cosine cosine-stg false} {c4w4qrzzqhl5 vscode vscode Cosine cosine-stg false} {wpxyviz2zrp8 portfolio portfolio Cameron Nimmo qvzkuw5ud4dl false}]\\\\n+debug 2025/06/17 13:50:14 Starting serve command\\\\n+debug 2025/06/17 13:50:14 Received JSON message: {\\\\\\\"connectedMessage\\\\\\\":{\\\\\\\"cliSessionId\\\\\\\":\\\\\\\"67c8vgduzzty\\\\\\\",\\\\\\\"url\\\\\\\":\\\\\\\"localhost:3000\\\\\\\"}}\\\\n+debug 2025/06/17 13:50:14 Received connected message\\\\n+debug 2025/06/17 13:50:14 Sending message to readCh \\\\u0026{67c8vgduzzty localhost:3000}\\\\n+debug 2025/06/17 13:50:14 Connected:  \\\\u0026{67c8vgduzzty localhost:3000}\\\\n+debug 2025/06/17 13:50:28 Enter:  enter\\\\n+debug 2025/06/17 13:50:28 Received CLI command: {\\\\n+  \\\\\\\"requestId\\\\\\\": \\\\\\\"520a6629-3675-49da-84a4-d548dfbe6e2d\\\\\\\",\\\\n+  \\\\\\\"Payload\\\\\\\": {\\\\n+    \\\\\\\"CheckoutRequest\\\\\\\": {\\\\n+      \\\\\\\"sha\\\\\\\": \\\\\\\"4b14d29c207e9969ea62a7fe07d490b036c14722\\\\\\\"\\\\n+    }\\\\n+  }\\\\n+}\\\\n+debug 2025/06/17 13:50:28 Received CLI command requestId:\\\\\\\"520a6629-3675-49da-84a4-d548dfbe6e2d\\\\\\\" checkout_request:{sha:\\\\\\\"4b14d29c207e9969ea62a7fe07d490b036c14722\\\\\\\"}\\\\n+debug 2025/06/17 13:50:29 Sending result: {\\\\n+  \\\\\\\"requestId\\\\\\\": \\\\\\\"520a6629-3675-49da-84a4-d548dfbe6e2d\\\\\\\",\\\\n+  \\\\\\\"Payload\\\\\\\": {\\\\n+    \\\\\\\"CheckoutResponse\\\\\\\": {}\\\\n+  }\\\\n+}\\\\n+debug 2025/06/17 13:50:29 Received JSON message: {\\\\\\\"taskAttachedMessage\\\\\\\":{\\\\\\\"taskId\\\\\\\":\\\\\\\"8rfce0iy1km8\\\\\\\",\\\\\\\"url\\\\\\\":\\\\\\\"http://localhost:3000/cosine-stg/git2go/task/8rfce0iy1km8\\\\\\\"}}\\\\n+debug 2025/06/17 13:50:29 Received task attached message\\\\n+debug 2025/06/17 13:50:29 Sending message to readCh \\\\u0026{8rfce0iy1km8 http://localhost:3000/cosine-stg/git2go/task/8rfce0iy1km8}\\\\n+debug 2025/06/17 13:50:29 Task attached:  \\\\u0026{8rfce0iy1km8 http://localhost:3000/cosine-stg/git2go/task/8rfce0iy1km8}\\\\n+debug 2025/06/17 13:50:29 Create task response:  \\\\u0026{ http://localhost:3000/cosine-stg/git2go/task/8rfce0iy1km8}\\\\n+debug 2025/06/17 13:50:30 Received CLI command: {\\\\n+  \\\\\\\"requestId\\\\\\\": \\\\\\\"5f3a1226-7123-412e-b327-ef83821ff035\\\\\\\",\\\\n+  \\\\\\\"Payload\\\\\\\": {\\\\n+    \\\\\\\"HeadAndBranchRequest\\\\\\\": {\\\\n+      \\\\\\\"workspaceSessionId\\\\\\\": \\\\\\\"cli:744\\\\\\\"\\\\n+    }\\\\n+  }\\\\n+}\\\\n+debug 2025/06/17 13:50:30 Received CLI command requestId:\\\\\\\"5f3a1226-7123-412e-b327-ef83821ff035\\\\\\\" head_and_branch_request:{workspaceSessionId:\\\\\\\"cli:744\\\\\\\"}\\\\n+debug 2025/06/17 13:50:30 Sending result: {\\\\n+  \\\\\\\"requestId\\\\\\\": \\\\\\\"5f3a1226-7123-412e-b327-ef83821ff035\\\\\\\",\\\\n+  \\\\\\\"Payload\\\\\\\": {\\\\n+    \\\\\\\"HeadAndBranchResponse\\\\\\\": {\\\\n+      \\\\\\\"head\\\\\\\": \\\\\\\"4b14d29c207e9969ea62a7fe07d490b036c14722\\\\\\\",\\\\n+      \\\\\\\"branch\\\\\\\": \\\\\\\"HEAD\\\\\\\"\\\\n+    }\\\\n+  }\\\\n+}\\\\n+debug 2025/06/17 13:50:30 Received CLI command: {\\\\n+  \\\\\\\"requestId\\\\\\\": \\\\\\\"2a633907-e598-46b9-b95b-c91e186e0212\\\\\\\",\\\\n+  \\\\\\\"Payload\\\\\\\": {\\\\n+    \\\\\\\"DiffRequest\\\\\\\": {\\\\n+      \\\\\\\"workspaceSessionId\\\\\\\": \\\\\\\"cli:744\\\\\\\",\\\\n+      \\\\\\\"sourceSha\\\\\\\": \\\\\\\"4b14d29c207e9969ea62a7fe07d490b036c14722\\\\\\\",\\\\n+      \\\\\\\"includeUntracked\\\\\\\": true\\\\n+    }\\\\n+  }\\\\n+}\\\\n+debug 2025/06/17 13:50:30 Received CLI command requestId:\\\\\\\"2a633907-e598-46b9-b95b-c91e186e0212\\\\\\\" diff_request:{workspaceSessionId:\\\\\\\"cli:744\\\\\\\" sourceSha:\\\\\\\"4b14d29c207e9969ea62a7fe07d490b036c14722\\\\\\\" includeUntracked:true}\\\\n\\\"\\n+    }\\n+  }\\n+}\\n+debug 2025/06/17 13:50:30 Received CLI command: {\\n+  \\\"requestId\\\": \\\"c4eb71ce-3097-4039-a8f2-3440f3ca8cef\\\",\\n+  \\\"Payload\\\": {\\n+    \\\"DiffRequest\\\": {\\n+      \\\"workspaceSessionId\\\": \\\"cli:744\\\",\\n+      \\\"sourceSha\\\": \\\"HEAD\\\",\\n+      \\\"includeUntracked\\\": true\\n+    }\\n+  }\\n+}\\n+debug 2025/06/17 13:50:30 Received CLI command requestId:\\\"c4eb71ce-3097-4039-a8f2-3440f3ca8cef\\\" diff_request:{workspaceSessionId:\\\"cli:744\\\" sourceSha:\\\"HEAD\\\" includeUntracked:true}\\n\"\n+    }\n+  }\n+}\n+debug 2025/06/17 13:50:30 Received CLI command: {\n+  \"requestId\": \"3bc69592-3114-4660-b556-584c3b44b21e\",\n+  \"Payload\": {\n+    \"TreeV2Request\": {\n+      \"workspaceSessionId\": \"cli:744\",\n+      \"format\": 1,\n+      \"maxDepth\": 1\n+    }\n+  }\n+}\n+debug 2025/06/17 13:50:30 Received CLI command requestId:\"3bc69592-3114-4660-b556-584c3b44b21e\" tree_v2_request:{workspaceSessionId:\"cli:744\" format:STRING maxDepth:1}\n+debug 2025/06/17 13:50:30 Sending result: {\n+  \"requestId\": \"3bc69592-3114-4660-b556-584c3b44b21e\",\n+  \"Payload\": {\n+    \"TreeV2Response\": {\n+      \"file\": [\n+        \" Build_bundled_static.go\\n Build_system_dynamic.go\\n Build_system_static.go\\n Makefile\\n README.md\\n blame.go\\n blame_test.go\\n blob.go\\n blob_test.go\\n branch.go\\n branch_test.go\\n checkout.go\\n cherrypick.go\\n cherrypick_test.go\\n clone.go\\n clone_test.go\\n commit.go\\n config.go\\n config_test.go\\n credentials.go\\n delta_string.go\\n deprecated.go\\n describe.go\\n describe_test.go\\n diff.go\\n diff_test.go\\n difflinetype_string.go\\n errorclass_string.go\\n errorcode_string.go\\n features.go\\n git.go\\n git_test.go\\n graph.go\\n graph_test.go\\n handles.go\\n http.go\\n ignore.go\\n index.go\\n index_test.go\\n indexer.go\\n indexer_test.go\\n mempack.go\\n mempack_test.go\\n merge.go\\n merge_test.go\\n message.go\\n message_test.go\\n note.go\\n note_test.go\\n object.go\\n object_test.go\\n odb.go\\n odb_test.go\\n packbuilder.go\\n patch.go\\n patch_test.go\\n push_test.go\\n rebase.go\\n rebase_test.go\\n refdb.go\\n reference.go\\n reference_test.go\\n refspec.go\\n refspec_test.go\\n remote.go\\n remote_test.go\\n repository.go\\n repository_test.go\\n reset.go\\n reset_test.go\\n revert.go\\n revert_test.go\\n revparse.go\\n revparse_test.go\\n script/\\n settings.go\\n settings_test.go\\n signature.go\\n ssh.go\\n stash.go\\n stash_test.go\\n status.go\\n status_test.go\\n submodule.go\\n submodule_test.go\\n tag.go\\n tag_test.go\\n testdata/\\n transport.go\\n transport_test.go\\n tree.go\\n tree_test.go\\n vendor/\\n walk.go\\n wrapper.c\\n\"\n+      ],\n+      \"count\": 96\n+    }\n+  }\n+}\n+debug 2025/06/17 13:50:30 Received CLI command: {\n+  \"requestId\": \"b41bdc98-23a6-4e33-94b7-c4a33a5f09c4\",\n+  \"Payload\": {\n+    \"FileRequest\": {\n+      \"workspaceSessionId\": \"cli:744\",\n+      \"file\": \"debug.log\"\n+    }\n+  }\n+}\n+debug 2025/06/17 13:50:30 Received CLI command requestId:\"b41bdc98-23a6-4e33-94b7-c4a33a5f09c4\" file_request:{workspaceSessionId:\"cli:744\" file:\"debug.log\"}\n+debug 2025/06/17 13:50:30 Sending result: {\n+  \"requestId\": \"b41bdc98-23a6-4e33-94b7-c4a33a5f09c4\",\n+  \"Payload\": {\n+    \"FileResponse\": {\n+      \"file\": {\n+        \"path\": \"debug.log\",\n+        \"content\": \"debug 2025/06/17 13:50:04 Projects:  [{zhzf24w8jo86 git2go git2go Cosine cosine-stg true} {3a0kipihmuz6 cosine-monorepo cosine-monorepo Cosine cosine-stg false} {p0kel9d9u0g0 cosine-rl cosine-rl Cosine cosine-stg false} {jxtrljw9ugtq exo exo Cosine cosine-stg false} {dv5u2vgy2tsc experiments experiments Cosine cosine-stg false} {zpyq6g5i5rry genie-use genie-use Cosine cosine-stg false} {jv1ogp3k60pq nestjs-neo4j nestjs-neo4j Cosine cosine-stg false} {27e0n6esim25 next-js-saas-starter next-js-saas-starter Cosine cosine-stg false} {lxcet1afp6r8 swelancer-benchmark swelancer-benchmark Cosine cosine-stg false} {13xv5h1dh0lc swelancer-expensify-app swelancer-expensify-app Cosine cosine-stg false} {c4w4qrzzqhl5 vscode vscode Cosine cosine-stg false} {wpxyviz2zrp8 portfolio portfolio Cameron Nimmo qvzkuw5ud4dl false}]\\ndebug 2025/06/17 13:50:14 Starting serve command\\ndebug 2025/06/17 13:50:14 Received JSON message: {\\\"connectedMessage\\\":{\\\"cliSessionId\\\":\\\"67c8vgduzzty\\\",\\\"url\\\":\\\"localhost:3000\\\"}}\\ndebug 2025/06/17 13:50:14 Received connected message\\ndebug 2025/06/17 13:50:14 Sending message to readCh \\u0026{67c8vgduzzty localhost:3000}\\ndebug 2025/06/17 13:50:14 Connected:  \\u0026{67c8vgduzzty localhost:3000}\\ndebug 2025/06/17 13:50:28 Enter:  enter\\ndebug 2025/06/17 13:50:28 Received CLI command: {\\n  \\\"requestId\\\": \\\"520a6629-3675-49da-84a4-d548dfbe6e2d\\\",\\n  \\\"Payload\\\": {\\n    \\\"CheckoutRequest\\\": {\\n      \\\"sha\\\": \\\"4b14d29c207e9969ea62a7fe07d490b036c14722\\\"\\n    }\\n  }\\n}\\ndebug 2025/06/17 13:50:28 Received CLI command requestId:\\\"520a6629-3675-49da-84a4-d548dfbe6e2d\\\" checkout_request:{sha:\\\"4b14d29c207e9969ea62a7fe07d490b036c14722\\\"}\\ndebug 2025/06/17 13:50:29 Sending result: {\\n  \\\"requestId\\\": \\\"520a6629-3675-49da-84a4-d548dfbe6e2d\\\",\\n  \\\"Payload\\\": {\\n    \\\"CheckoutResponse\\\": {}\\n  }\\n}\\ndebug 2025/06/17 13:50:29 Received JSON message: {\\\"taskAttachedMessage\\\":{\\\"taskId\\\":\\\"8rfce0iy1km8\\\",\\\"url\\\":\\\"http://localhost:3000/cosine-stg/git2go/task/8rfce0iy1km8\\\"}}\\ndebug 2025/06/17 13:50:29 Received task attached message\\ndebug 2025/06/17 13:50:29 Sending message to readCh \\u0026{8rfce0iy1km8 http://localhost:3000/cosine-stg/git2go/task/8rfce0iy1km8}\\ndebug 2025/06/17 13:50:29 Task attached:  \\u0026{8rfce0iy1km8 http://localhost:3000/cosine-stg/git2go/task/8rfce0iy1km8}\\ndebug 2025/06/17 13:50:29 Create task response:  \\u0026{ http://localhost:3000/cosine-stg/git2go/task/8rfce0iy1km8}\\ndebug 2025/06/17 13:50:30 Received CLI command: {\\n  \\\"requestId\\\": \\\"5f3a1226-7123-412e-b327-ef83821ff035\\\",\\n  \\\"Payload\\\": {\\n    \\\"HeadAndBranchRequest\\\": {\\n      \\\"workspaceSessionId\\\": \\\"cli:744\\\"\\n    }\\n  }\\n}\\ndebug 2025/06/17 13:50:30 Received CLI command requestId:\\\"5f3a1226-7123-412e-b327-ef83821ff035\\\" head_and_branch_request:{workspaceSessionId:\\\"cli:744\\\"}\\ndebug 2025/06/17 13:50:30 Sending result: {\\n  \\\"requestId\\\": \\\"5f3a1226-7123-412e-b327-ef83821ff035\\\",\\n  \\\"Payload\\\": {\\n    \\\"HeadAndBranchResponse\\\": {\\n      \\\"head\\\": \\\"4b14d29c207e9969ea62a7fe07d490b036c14722\\\",\\n      \\\"branch\\\": \\\"HEAD\\\"\\n    }\\n  }\\n}\\ndebug 2025/06/17 13:50:30 Received CLI command: {\\n  \\\"requestId\\\": \\\"2a633907-e598-46b9-b95b-c91e186e0212\\\",\\n  \\\"Payload\\\": {\\n    \\\"DiffRequest\\\": {\\n      \\\"workspaceSessionId\\\": \\\"cli:744\\\",\\n      \\\"sourceSha\\\": \\\"4b14d29c207e9969ea62a7fe07d490b036c14722\\\",\\n      \\\"includeUntracked\\\": true\\n    }\\n  }\\n}\\ndebug 2025/06/17 13:50:30 Received CLI command requestId:\\\"2a633907-e598-46b9-b95b-c91e186e0212\\\" diff_request:{workspaceSessionId:\\\"cli:744\\\" sourceSha:\\\"4b14d29c207e9969ea62a7fe07d490b036c14722\\\" includeUntracked:true}\\ndebug 2025/06/17 13:50:30 Sending result: {\\n  \\\"requestId\\\": \\\"2a633907-e598-46b9-b95b-c91e186e0212\\\",\\n  \\\"Payload\\\": {\\n    \\\"DiffResponse\\\": {\\n      \\\"diff\\\": \\\"diff --git a/debug.log b/debug.log\\\\nnew file mode 100644\\\\nindex 0000000..fda468f\\\\n--- /dev/null\\\\n+++ b/debug.log\\\\n@@ -0,0 +1,56 @@\\\\n+debug 2025/06/17 13:50:04 Projects:  [{zhzf24w8jo86 git2go git2go Cosine cosine-stg true} {3a0kipihmuz6 cosine-monorepo cosine-monorepo Cosine cosine-stg false} {p0kel9d9u0g0 cosine-rl cosine-rl Cosine cosine-stg false} {jxtrljw9ugtq exo exo Cosine cosine-stg false} {dv5u2vgy2tsc experiments experiments Cosine cosine-stg false} {zpyq6g5i5rry genie-use genie-use Cosine cosine-stg false} {jv1ogp3k60pq nestjs-neo4j nestjs-neo4j Cosine cosine-stg false} {27e0n6esim25 next-js-saas-starter next-js-saas-starter Cosine cosine-stg false} {lxcet1afp6r8 swelancer-benchmark swelancer-benchmark Cosine cosine-stg false} {13xv5h1dh0lc swelancer-expensify-app swelancer-expensify-app Cosine cosine-stg false} {c4w4qrzzqhl5 vscode vscode Cosine cosine-stg false} {wpxyviz2zrp8 portfolio portfolio Cameron Nimmo qvzkuw5ud4dl false}]\\\\n+debug 2025/06/17 13:50:14 Starting serve command\\\\n+debug 2025/06/17 13:50:14 Received JSON message: {\\\\\\\"connectedMessage\\\\\\\":{\\\\\\\"cliSessionId\\\\\\\":\\\\\\\"67c8vgduzzty\\\\\\\",\\\\\\\"url\\\\\\\":\\\\\\\"localhost:3000\\\\\\\"}}\\\\n+debug 2025/06/17 13:50:14 Received connected message\\\\n+debug 2025/06/17 13:50:14 Sending message to readCh \\\\u0026{67c8vgduzzty localhost:3000}\\\\n+debug 2025/06/17 13:50:14 Connected:  \\\\u0026{67c8vgduzzty localhost:3000}\\\\n+debug 2025/06/17 13:50:28 Enter:  enter\\\\n+debug 2025/06/17 13:50:28 Received CLI command: {\\\\n+  \\\\\\\"requestId\\\\\\\": \\\\\\\"520a6629-3675-49da-84a4-d548dfbe6e2d\\\\\\\",\\\\n+  \\\\\\\"Payload\\\\\\\": {\\\\n+    \\\\\\\"CheckoutRequest\\\\\\\": {\\\\n+      \\\\\\\"sha\\\\\\\": \\\\\\\"4b14d29c207e9969ea62a7fe07d490b036c14722\\\\\\\"\\\\n+    }\\\\n+  }\\\\n+}\\\\n+debug 2025/06/17 13:50:28 Received CLI command requestId:\\\\\\\"520a6629-3675-49da-84a4-d548dfbe6e2d\\\\\\\" checkout_request:{sha:\\\\\\\"4b14d29c207e9969ea62a7fe07d490b036c14722\\\\\\\"}\\\\n+debug 2025/06/17 13:50:29 Sending result: {\\\\n+  \\\\\\\"requestId\\\\\\\": \\\\\\\"520a6629-3675-49da-84a4-d548dfbe6e2d\\\\\\\",\\\\n+  \\\\\\\"Payload\\\\\\\": {\\\\n+    \\\\\\\"CheckoutResponse\\\\\\\": {}\\\\n+  }\\\\n+}\\\\n+debug 2025/06/17 13:50:29 Received JSON message: {\\\\\\\"taskAttachedMessage\\\\\\\":{\\\\\\\"taskId\\\\\\\":\\\\\\\"8rfce0iy1km8\\\\\\\",\\\\\\\"url\\\\\\\":\\\\\\\"http://localhost:3000/cosine-stg/git2go/task/8rfce0iy1km8\\\\\\\"}}\\\\n+debug 2025/06/17 13:50:29 Received task attached message\\\\n+debug 2025/06/17 13:50:29 Sending message to readCh \\\\u0026{8rfce0iy1km8 http://localhost:3000/cosine-stg/git2go/task/8rfce0iy1km8}\\\\n+debug 2025/06/17 13:50:29 Task attached:  \\\\u0026{8rfce0iy1km8 http://localhost:3000/cosine-stg/git2go/task/8rfce0iy1km8}\\\\n+debug 2025/06/17 13:50:29 Create task response:  \\\\u0026{ http://localhost:3000/cosine-stg/git2go/task/8rfce0iy1km8}\\\\n+debug 2025/06/17 13:50:30 Received CLI command: {\\\\n+  \\\\\\\"requestId\\\\\\\": \\\\\\\"5f3a1226-7123-412e-b327-ef83821ff035\\\\\\\",\\\\n+  \\\\\\\"Payload\\\\\\\": {\\\\n+    \\\\\\\"HeadAndBranchRequest\\\\\\\": {\\\\n+      \\\\\\\"workspaceSessionId\\\\\\\": \\\\\\\"cli:744\\\\\\\"\\\\n+    }\\\\n+  }\\\\n+}\\\\n+debug 2025/06/17 13:50:30 Received CLI command requestId:\\\\\\\"5f3a1226-7123-412e-b327-ef83821ff035\\\\\\\" head_and_branch_request:{workspaceSessionId:\\\\\\\"cli:744\\\\\\\"}\\\\n+debug 2025/06/17 13:50:30 Sending result: {\\\\n+  \\\\\\\"requestId\\\\\\\": \\\\\\\"5f3a1226-7123-412e-b327-ef83821ff035\\\\\\\",\\\\n+  \\\\\\\"Payload\\\\\\\": {\\\\n+    \\\\\\\"HeadAndBranchResponse\\\\\\\": {\\\\n+      \\\\\\\"head\\\\\\\": \\\\\\\"4b14d29c207e9969ea62a7fe07d490b036c14722\\\\\\\",\\\\n+      \\\\\\\"branch\\\\\\\": \\\\\\\"HEAD\\\\\\\"\\\\n+    }\\\\n+  }\\\\n+}\\\\n+debug 2025/06/17 13:50:30 Received CLI command: {\\\\n+  \\\\\\\"requestId\\\\\\\": \\\\\\\"2a633907-e598-46b9-b95b-c91e186e0212\\\\\\\",\\\\n+  \\\\\\\"Payload\\\\\\\": {\\\\n+    \\\\\\\"DiffRequest\\\\\\\": {\\\\n+      \\\\\\\"workspaceSessionId\\\\\\\": \\\\\\\"cli:744\\\\\\\",\\\\n+      \\\\\\\"sourceSha\\\\\\\": \\\\\\\"4b14d29c207e9969ea62a7fe07d490b036c14722\\\\\\\",\\\\n+      \\\\\\\"includeUntracked\\\\\\\": true\\\\n+    }\\\\n+  }\\\\n+}\\\\n+debug 2025/06/17 13:50:30 Received CLI command requestId:\\\\\\\"2a633907-e598-46b9-b95b-c91e186e0212\\\\\\\" diff_request:{workspaceSessionId:\\\\\\\"cli:744\\\\\\\" sourceSha:\\\\\\\"4b14d29c207e9969ea62a7fe07d490b036c14722\\\\\\\" includeUntracked:true}\\\\n\\\"\\n    }\\n  }\\n}\\ndebug 2025/06/17 13:50:30 Received CLI command: {\\n  \\\"requestId\\\": \\\"c4eb71ce-3097-4039-a8f2-3440f3ca8cef\\\",\\n  \\\"Payload\\\": {\\n    \\\"DiffRequest\\\": {\\n      \\\"workspaceSessionId\\\": \\\"cli:744\\\",\\n      \\\"sourceSha\\\": \\\"HEAD\\\",\\n      \\\"includeUntracked\\\": true\\n    }\\n  }\\n}\\ndebug 2025/06/17 13:50:30 Received CLI command requestId:\\\"c4eb71ce-3097-4039-a8f2-3440f3ca8cef\\\" diff_request:{workspaceSessionId:\\\"cli:744\\\" sourceSha:\\\"HEAD\\\" includeUntracked:true}\\ndebug 2025/06/17 13:50:30 Sending result: {\\n  \\\"requestId\\\": \\\"c4eb71ce-3097-4039-a8f2-3440f3ca8cef\\\",\\n  \\\"Payload\\\": {\\n    \\\"DiffResponse\\\": {\\n      \\\"diff\\\": \\\"diff --git a/debug.log b/debug.log\\\\nnew file mode 100644\\\\nindex 0000000..46051fb\\\\n--- /dev/null\\\\n+++ b/debug.log\\\\n@@ -0,0 +1,75 @@\\\\n+debug 2025/06/17 13:50:04 Projects:  [{zhzf24w8jo86 git2go git2go Cosine cosine-stg true} {3a0kipihmuz6 cosine-monorepo cosine-monorepo Cosine cosine-stg false} {p0kel9d9u0g0 cosine-rl cosine-rl Cosine cosine-stg false} {jxtrljw9ugtq exo exo Cosine cosine-stg false} {dv5u2vgy2tsc experiments experiments Cosine cosine-stg false} {zpyq6g5i5rry genie-use genie-use Cosine cosine-stg false} {jv1ogp3k60pq nestjs-neo4j nestjs-neo4j Cosine cosine-stg false} {27e0n6esim25 next-js-saas-starter next-js-saas-starter Cosine cosine-stg false} {lxcet1afp6r8 swelancer-benchmark swelancer-benchmark Cosine cosine-stg false} {13xv5h1dh0lc swelancer-expensify-app swelancer-expensify-app Cosine cosine-stg false} {c4w4qrzzqhl5 vscode vscode Cosine cosine-stg false} {wpxyviz2zrp8 portfolio portfolio Cameron Nimmo qvzkuw5ud4dl false}]\\\\n+debug 2025/06/17 13:50:14 Starting serve command\\\\n+debug 2025/06/17 13:50:14 Received JSON message: {\\\\\\\"connectedMessage\\\\\\\":{\\\\\\\"cliSessionId\\\\\\\":\\\\\\\"67c8vgduzzty\\\\\\\",\\\\\\\"url\\\\\\\":\\\\\\\"localhost:3000\\\\\\\"}}\\\\n+debug 2025/06/17 13:50:14 Received connected message\\\\n+debug 2025/06/17 13:50:14 Sending message to readCh \\\\u0026{67c8vgduzzty localhost:3000}\\\\n+debug 2025/06/17 13:50:14 Connected:  \\\\u0026{67c8vgduzzty localhost:3000}\\\\n+debug 2025/06/17 13:50:28 Enter:  enter\\\\n+debug 2025/06/17 13:50:28 Received CLI command: {\\\\n+  \\\\\\\"requestId\\\\\\\": \\\\\\\"520a6629-3675-49da-84a4-d548dfbe6e2d\\\\\\\",\\\\n+  \\\\\\\"Payload\\\\\\\": {\\\\n+    \\\\\\\"CheckoutRequest\\\\\\\": {\\\\n+      \\\\\\\"sha\\\\\\\": \\\\\\\"4b14d29c207e9969ea62a7fe07d490b036c14722\\\\\\\"\\\\n+    }\\\\n+  }\\\\n+}\\\\n+debug 2025/06/17 13:50:28 Received CLI command requestId:\\\\\\\"520a6629-3675-49da-84a4-d548dfbe6e2d\\\\\\\" checkout_request:{sha:\\\\\\\"4b14d29c207e9969ea62a7fe07d490b036c14722\\\\\\\"}\\\\n+debug 2025/06/17 13:50:29 Sending result: {\\\\n+  \\\\\\\"requestId\\\\\\\": \\\\\\\"520a6629-3675-49da-84a4-d548dfbe6e2d\\\\\\\",\\\\n+  \\\\\\\"Payload\\\\\\\": {\\\\n+    \\\\\\\"CheckoutResponse\\\\\\\": {}\\\\n+  }\\\\n+}\\\\n+debug 2025/06/17 13:50:29 Received JSON message: {\\\\\\\"taskAttachedMessage\\\\\\\":{\\\\\\\"taskId\\\\\\\":\\\\\\\"8rfce0iy1km8\\\\\\\",\\\\\\\"url\\\\\\\":\\\\\\\"http://localhost:3000/cosine-stg/git2go/task/8rfce0iy1km8\\\\\\\"}}\\\\n+debug 2025/06/17 13:50:29 Received task attached message\\\\n+debug 2025/06/17 13:50:29 Sending message to readCh \\\\u0026{8rfce0iy1km8 http://localhost:3000/cosine-stg/git2go/task/8rfce0iy1km8}\\\\n+debug 2025/06/17 13:50:29 Task attached:  \\\\u0026{8rfce0iy1km8 http://localhost:3000/cosine-stg/git2go/task/8rfce0iy1km8}\\\\n+debug 2025/06/17 13:50:29 Create task response:  \\\\u0026{ http://localhost:3000/cosine-stg/git2go/task/8rfce0iy1km8}\\\\n+debug 2025/06/17 13:50:30 Received CLI command: {\\\\n+  \\\\\\\"requestId\\\\\\\": \\\\\\\"5f3a1226-7123-412e-b327-ef83821ff035\\\\\\\",\\\\n+  \\\\\\\"Payload\\\\\\\": {\\\\n+    \\\\\\\"HeadAndBranchRequest\\\\\\\": {\\\\n+      \\\\\\\"workspaceSessionId\\\\\\\": \\\\\\\"cli:744\\\\\\\"\\\\n+    }\\\\n+  }\\\\n+}\\\\n+debug 2025/06/17 13:50:30 Received CLI command requestId:\\\\\\\"5f3a1226-7123-412e-b327-ef83821ff035\\\\\\\" head_and_branch_request:{workspaceSessionId:\\\\\\\"cli:744\\\\\\\"}\\\\n+debug 2025/06/17 13:50:30 Sending result: {\\\\n+  \\\\\\\"requestId\\\\\\\": \\\\\\\"5f3a1226-7123-412e-b327-ef83821ff035\\\\\\\",\\\\n+  \\\\\\\"Payload\\\\\\\": {\\\\n+    \\\\\\\"HeadAndBranchResponse\\\\\\\": {\\\\n+      \\\\\\\"head\\\\\\\": \\\\\\\"4b14d29c207e9969ea62a7fe07d490b036c14722\\\\\\\",\\\\n+      \\\\\\\"branch\\\\\\\": \\\\\\\"HEAD\\\\\\\"\\\\n+    }\\\\n+  }\\\\n+}\\\\n+debug 2025/06/17 13:50:30 Received CLI command: {\\\\n+  \\\\\\\"requestId\\\\\\\": \\\\\\\"2a633907-e598-46b9-b95b-c91e186e0212\\\\\\\",\\\\n+  \\\\\\\"Payload\\\\\\\": {\\\\n+    \\\\\\\"DiffRequest\\\\\\\": {\\\\n+      \\\\\\\"workspaceSessionId\\\\\\\": \\\\\\\"cli:744\\\\\\\",\\\\n+      \\\\\\\"sourceSha\\\\\\\": \\\\\\\"4b14d29c207e9969ea62a7fe07d490b036c14722\\\\\\\",\\\\n+      \\\\\\\"includeUntracked\\\\\\\": true\\\\n+    }\\\\n+  }\\\\n+}\\\\n+debug 2025/06/17 13:50:30 Received CLI command requestId:\\\\\\\"2a633907-e598-46b9-b95b-c91e186e0212\\\\\\\" diff_request:{workspaceSessionId:\\\\\\\"cli:744\\\\\\\" sourceSha:\\\\\\\"4b14d29c207e9969ea62a7fe07d490b036c14722\\\\\\\" includeUntracked:true}\\\\n+debug 2025/06/17 13:50:30 Sending result: {\\\\n+  \\\\\\\"requestId\\\\\\\": \\\\\\\"2a633907-e598-46b9-b95b-c91e186e0212\\\\\\\",\\\\n+  \\\\\\\"Payload\\\\\\\": {\\\\n+    \\\\\\\"DiffResponse\\\\\\\": {\\\\n+      \\\\\\\"diff\\\\\\\": \\\\\\\"diff --git a/debug.log b/debug.log\\\\\\\\nnew file mode 100644\\\\\\\\nindex 0000000..fda468f\\\\\\\\n--- /dev/null\\\\\\\\n+++ b/debug.log\\\\\\\\n@@ -0,0 +1,56 @@\\\\\\\\n+debug 2025/06/17 13:50:04 Projects:  [{zhzf24w8jo86 git2go git2go Cosine cosine-stg true} {3a0kipihmuz6 cosine-monorepo cosine-monorepo Cosine cosine-stg false} {p0kel9d9u0g0 cosine-rl cosine-rl Cosine cosine-stg false} {jxtrljw9ugtq exo exo Cosine cosine-stg false} {dv5u2vgy2tsc experiments experiments Cosine cosine-stg false} {zpyq6g5i5rry genie-use genie-use Cosine cosine-stg false} {jv1ogp3k60pq nestjs-neo4j nestjs-neo4j Cosine cosine-stg false} {27e0n6esim25 next-js-saas-starter next-js-saas-starter Cosine cosine-stg false} {lxcet1afp6r8 swelancer-benchmark swelancer-benchmark Cosine cosine-stg false} {13xv5h1dh0lc swelancer-expensify-app swelancer-expensify-app Cosine cosine-stg false} {c4w4qrzzqhl5 vscode vscode Cosine cosine-stg false} {wpxyviz2zrp8 portfolio portfolio Cameron Nimmo qvzkuw5ud4dl false}]\\\\\\\\n+debug 2025/06/17 13:50:14 Starting serve command\\\\\\\\n+debug 2025/06/17 13:50:14 Received JSON message: {\\\\\\\\\\\\\\\"connectedMessage\\\\\\\\\\\\\\\":{\\\\\\\\\\\\\\\"cliSessionId\\\\\\\\\\\\\\\":\\\\\\\\\\\\\\\"67c8vgduzzty\\\\\\\\\\\\\\\",\\\\\\\\\\\\\\\"url\\\\\\\\\\\\\\\":\\\\\\\\\\\\\\\"localhost:3000\\\\\\\\\\\\\\\"}}\\\\\\\\n+debug 2025/06/17 13:50:14 Received connected message\\\\\\\\n+debug 2025/06/17 13:50:14 Sending message to readCh \\\\\\\\u0026{67c8vgduzzty localhost:3000}\\\\\\\\n+debug 2025/06/17 13:50:14 Connected:  \\\\\\\\u0026{67c8vgduzzty localhost:3000}\\\\\\\\n+debug 2025/06/17 13:50:28 Enter:  enter\\\\\\\\n+debug 2025/06/17 13:50:28 Received CLI command: {\\\\\\\\n+  \\\\\\\\\\\\\\\"requestId\\\\\\\\\\\\\\\": \\\\\\\\\\\\\\\"520a6629-3675-49da-84a4-d548dfbe6e2d\\\\\\\\\\\\\\\",\\\\\\\\n+  \\\\\\\\\\\\\\\"Payload\\\\\\\\\\\\\\\": {\\\\\\\\n+    \\\\\\\\\\\\\\\"CheckoutRequest\\\\\\\\\\\\\\\": {\\\\\\\\n+      \\\\\\\\\\\\\\\"sha\\\\\\\\\\\\\\\": \\\\\\\\\\\\\\\"4b14d29c207e9969ea62a7fe07d490b036c14722\\\\\\\\\\\\\\\"\\\\\\\\n+    }\\\\\\\\n+  }\\\\\\\\n+}\\\\\\\\n+debug 2025/06/17 13:50:28 Received CLI command requestId:\\\\\\\\\\\\\\\"520a6629-3675-49da-84a4-d548dfbe6e2d\\\\\\\\\\\\\\\" checkout_request:{sha:\\\\\\\\\\\\\\\"4b14d29c207e9969ea62a7fe07d490b036c14722\\\\\\\\\\\\\\\"}\\\\\\\\n+debug 2025/06/17 13:50:29 Sending result: {\\\\\\\\n+  \\\\\\\\\\\\\\\"requestId\\\\\\\\\\\\\\\": \\\\\\\\\\\\\\\"520a6629-3675-49da-84a4-d548dfbe6e2d\\\\\\\\\\\\\\\",\\\\\\\\n+  \\\\\\\\\\\\\\\"Payload\\\\\\\\\\\\\\\": {\\\\\\\\n+    \\\\\\\\\\\\\\\"CheckoutResponse\\\\\\\\\\\\\\\": {}\\\\\\\\n+  }\\\\\\\\n+}\\\\\\\\n+debug 2025/06/17 13:50:29 Received JSON message: {\\\\\\\\\\\\\\\"taskAttachedMessage\\\\\\\\\\\\\\\":{\\\\\\\\\\\\\\\"taskId\\\\\\\\\\\\\\\":\\\\\\\\\\\\\\\"8rfce0iy1km8\\\\\\\\\\\\\\\",\\\\\\\\\\\\\\\"url\\\\\\\\\\\\\\\":\\\\\\\\\\\\\\\"http://localhost:3000/cosine-stg/git2go/task/8rfce0iy1km8\\\\\\\\\\\\\\\"}}\\\\\\\\n+debug 2025/06/17 13:50:29 Received task attached message\\\\\\\\n+debug 2025/06/17 13:50:29 Sending message to readCh \\\\\\\\u0026{8rfce0iy1km8 http://localhost:3000/cosine-stg/git2go/task/8rfce0iy1km8}\\\\\\\\n+debug 2025/06/17 13:50:29 Task attached:  \\\\\\\\u0026{8rfce0iy1km8 http://localhost:3000/cosine-stg/git2go/task/8rfce0iy1km8}\\\\\\\\n+debug 2025/06/17 13:50:29 Create task response:  \\\\\\\\u0026{ http://localhost:3000/cosine-stg/git2go/task/8rfce0iy1km8}\\\\\\\\n+debug 2025/06/17 13:50:30 Received CLI command: {\\\\\\\\n+  \\\\\\\\\\\\\\\"requestId\\\\\\\\\\\\\\\": \\\\\\\\\\\\\\\"5f3a1226-7123-412e-b327-ef83821ff035\\\\\\\\\\\\\\\",\\\\\\\\n+  \\\\\\\\\\\\\\\"Payload\\\\\\\\\\\\\\\": {\\\\\\\\n+    \\\\\\\\\\\\\\\"HeadAndBranchRequest\\\\\\\\\\\\\\\": {\\\\\\\\n+      \\\\\\\\\\\\\\\"workspaceSessionId\\\\\\\\\\\\\\\": \\\\\\\\\\\\\\\"cli:744\\\\\\\\\\\\\\\"\\\\\\\\n+    }\\\\\\\\n+  }\\\\\\\\n+}\\\\\\\\n+debug 2025/06/17 13:50:30 Received CLI command requestId:\\\\\\\\\\\\\\\"5f3a1226-7123-412e-b327-ef83821ff035\\\\\\\\\\\\\\\" head_and_branch_request:{workspaceSessionId:\\\\\\\\\\\\\\\"cli:744\\\\\\\\\\\\\\\"}\\\\\\\\n+debug 2025/06/17 13:50:30 Sending result: {\\\\\\\\n+  \\\\\\\\\\\\\\\"requestId\\\\\\\\\\\\\\\": \\\\\\\\\\\\\\\"5f3a1226-7123-412e-b327-ef83821ff035\\\\\\\\\\\\\\\",\\\\\\\\n+  \\\\\\\\\\\\\\\"Payload\\\\\\\\\\\\\\\": {\\\\\\\\n+    \\\\\\\\\\\\\\\"HeadAndBranchResponse\\\\\\\\\\\\\\\": {\\\\\\\\n+      \\\\\\\\\\\\\\\"head\\\\\\\\\\\\\\\": \\\\\\\\\\\\\\\"4b14d29c207e9969ea62a7fe07d490b036c14722\\\\\\\\\\\\\\\",\\\\\\\\n+      \\\\\\\\\\\\\\\"branch\\\\\\\\\\\\\\\": \\\\\\\\\\\\\\\"HEAD\\\\\\\\\\\\\\\"\\\\\\\\n+    }\\\\\\\\n+  }\\\\\\\\n+}\\\\\\\\n+debug 2025/06/17 13:50:30 Received CLI command: {\\\\\\\\n+  \\\\\\\\\\\\\\\"requestId\\\\\\\\\\\\\\\": \\\\\\\\\\\\\\\"2a633907-e598-46b9-b95b-c91e186e0212\\\\\\\\\\\\\\\",\\\\\\\\n+  \\\\\\\\\\\\\\\"Payload\\\\\\\\\\\\\\\": {\\\\\\\\n+    \\\\\\\\\\\\\\\"DiffRequest\\\\\\\\\\\\\\\": {\\\\\\\\n+      \\\\\\\\\\\\\\\"workspaceSessionId\\\\\\\\\\\\\\\": \\\\\\\\\\\\\\\"cli:744\\\\\\\\\\\\\\\",\\\\\\\\n+      \\\\\\\\\\\\\\\"sourceSha\\\\\\\\\\\\\\\": \\\\\\\\\\\\\\\"4b14d29c207e9969ea62a7fe07d490b036c14722\\\\\\\\\\\\\\\",\\\\\\\\n+      \\\\\\\\\\\\\\\"includeUntracked\\\\\\\\\\\\\\\": true\\\\\\\\n+    }\\\\\\\\n+  }\\\\\\\\n+}\\\\\\\\n+debug 2025/06/17 13:50:30 Received CLI command requestId:\\\\\\\\\\\\\\\"2a633907-e598-46b9-b95b-c91e186e0212\\\\\\\\\\\\\\\" diff_request:{workspaceSessionId:\\\\\\\\\\\\\\\"cli:744\\\\\\\\\\\\\\\" sourceSha:\\\\\\\\\\\\\\\"4b14d29c207e9969ea62a7fe07d490b036c14722\\\\\\\\\\\\\\\" includeUntracked:true}\\\\\\\\n\\\\\\\"\\\\n+    }\\\\n+  }\\\\n+}\\\\n+debug 2025/06/17 13:50:30 Received CLI command: {\\\\n+  \\\\\\\"requestId\\\\\\\": \\\\\\\"c4eb71ce-3097-4039-a8f2-3440f3ca8cef\\\\\\\",\\\\n+  \\\\\\\"Payload\\\\\\\": {\\\\n+    \\\\\\\"DiffRequest\\\\\\\": {\\\\n+      \\\\\\\"workspaceSessionId\\\\\\\": \\\\\\\"cli:744\\\\\\\",\\\\n+      \\\\\\\"sourceSha\\\\\\\": \\\\\\\"HEAD\\\\\\\",\\\\n+      \\\\\\\"includeUntracked\\\\\\\": true\\\\n+    }\\\\n+  }\\\\n+}\\\\n+debug 2025/06/17 13:50:30 Received CLI command requestId:\\\\\\\"c4eb71ce-3097-4039-a8f2-3440f3ca8cef\\\\\\\" diff_request:{workspaceSessionId:\\\\\\\"cli:744\\\\\\\" sourceSha:\\\\\\\"HEAD\\\\\\\" includeUntracked:true}\\\\n\\\"\\n    }\\n  }\\n}\\ndebug 2025/06/17 13:50:30 Received CLI command: {\\n  \\\"requestId\\\": \\\"3bc69592-3114-4660-b556-584c3b44b21e\\\",\\n  \\\"Payload\\\": {\\n    \\\"TreeV2Request\\\": {\\n      \\\"workspaceSessionId\\\": \\\"cli:744\\\",\\n      \\\"format\\\": 1,\\n      \\\"maxDepth\\\": 1\\n    }\\n  }\\n}\\ndebug 2025/06/17 13:50:30 Received CLI command requestId:\\\"3bc69592-3114-4660-b556-584c3b44b21e\\\" tree_v2_request:{workspaceSessionId:\\\"cli:744\\\" format:STRING maxDepth:1}\\ndebug 2025/06/17 13:50:30 Sending result: {\\n  \\\"requestId\\\": \\\"3bc69592-3114-4660-b556-584c3b44b21e\\\",\\n  \\\"Payload\\\": {\\n    \\\"TreeV2Response\\\": {\\n      \\\"file\\\": [\\n        \\\" Build_bundled_static.go\\\\n Build_system_dynamic.go\\\\n Build_system_static.go\\\\n Makefile\\\\n README.md\\\\n blame.go\\\\n blame_test.go\\\\n blob.go\\\\n blob_test.go\\\\n branch.go\\\\n branch_test.go\\\\n checkout.go\\\\n cherrypick.go\\\\n cherrypick_test.go\\\\n clone.go\\\\n clone_test.go\\\\n commit.go\\\\n config.go\\\\n config_test.go\\\\n credentials.go\\\\n delta_string.go\\\\n deprecated.go\\\\n describe.go\\\\n describe_test.go\\\\n diff.go\\\\n diff_test.go\\\\n difflinetype_string.go\\\\n errorclass_string.go\\\\n errorcode_string.go\\\\n features.go\\\\n git.go\\\\n git_test.go\\\\n graph.go\\\\n graph_test.go\\\\n handles.go\\\\n http.go\\\\n ignore.go\\\\n index.go\\\\n index_test.go\\\\n indexer.go\\\\n indexer_test.go\\\\n mempack.go\\\\n mempack_test.go\\\\n merge.go\\\\n merge_test.go\\\\n message.go\\\\n message_test.go\\\\n note.go\\\\n note_test.go\\\\n object.go\\\\n object_test.go\\\\n odb.go\\\\n odb_test.go\\\\n packbuilder.go\\\\n patch.go\\\\n patch_test.go\\\\n push_test.go\\\\n rebase.go\\\\n rebase_test.go\\\\n refdb.go\\\\n reference.go\\\\n reference_test.go\\\\n refspec.go\\\\n refspec_test.go\\\\n remote.go\\\\n remote_test.go\\\\n repository.go\\\\n repository_test.go\\\\n reset.go\\\\n reset_test.go\\\\n revert.go\\\\n revert_test.go\\\\n revparse.go\\\\n revparse_test.go\\\\n script/\\\\n settings.go\\\\n settings_test.go\\\\n signature.go\\\\n ssh.go\\\\n stash.go\\\\n stash_test.go\\\\n status.go\\\\n status_test.go\\\\n submodule.go\\\\n submodule_test.go\\\\n tag.go\\\\n tag_test.go\\\\n testdata/\\\\n transport.go\\\\n transport_test.go\\\\n tree.go\\\\n tree_test.go\\\\n vendor/\\\\n walk.go\\\\n wrapper.c\\\\n\\\"\\n      ],\\n      \\\"count\\\": 96\\n    }\\n  }\\n}\\ndebug 2025/06/17 13:50:30 Received CLI command: {\\n  \\\"requestId\\\": \\\"b41bdc98-23a6-4e33-94b7-c4a33a5f09c4\\\",\\n  \\\"Payload\\\": {\\n    \\\"FileRequest\\\": {\\n      \\\"workspaceSessionId\\\": \\\"cli:744\\\",\\n      \\\"file\\\": \\\"debug.log\\\"\\n    }\\n  }\\n}\\ndebug 2025/06/17 13:50:30 Received CLI command requestId:\\\"b41bdc98-23a6-4e33-94b7-c4a33a5f09c4\\\" file_request:{workspaceSessionId:\\\"cli:744\\\" file:\\\"debug.log\\\"}\\n\"\n+      }\n+    }\n+  }\n+}\n+debug 2025/06/17 13:50:30 Received CLI command: {\n+  \"requestId\": \"e847d33a-3fbe-4f3f-984c-daf9e7ab1f74\",\n+  \"Payload\": {\n+    \"TreeV2Request\": {\n+      \"workspaceSessionId\": \"cli:744\",\n+      \"format\": 1,\n+      \"maxDepth\": 1,\n+      \"filePath\": \"debug.log\"\n+    }\n+  }\n+}\n+debug 2025/06/17 13:50:30 Received CLI command requestId:\"e847d33a-3fbe-4f3f-984c-daf9e7ab1f74\" tree_v2_request:{workspaceSessionId:\"cli:744\" format:STRING maxDepth:1 filePath:\"debug.log\"}\n+debug 2025/06/17 13:50:30 Generating partial tree list for [debug.log] with rootdir /Users/cameron/Documents/git2go\n+debug 2025/06/17 13:50:30 Generating partial tree for debug.log with rootdir /Users/cameron/Documents/git2go\n+debug 2025/06/17 13:50:30 Generating partial tree list for [debug.log] with rootdir /Users/cameron/Documents/git2go\n+debug 2025/06/17 13:50:30 Sending result: {\n+  \"requestId\": \"e847d33a-3fbe-4f3f-984c-daf9e7ab1f74\",\n+  \"Payload\": {\n+    \"TreeV2Response\": {\n+      \"file\": [\n+        \"         debug.log\\n         .git/\\n         .github/\\n         .gitignore\\n         .gitmodules\\n         Build_bundled_static.go\\n         Build_system_dynamic.go\\n         Build_system_static.go\\n         LICENSE\\n         Makefile\\n         README.md\\n         blame.go\\n         blame_test.go\\n         blob.go\\n         blob_test.go\\n         branch.go\\n         branch_test.go\\n         checkout.go\\n         cherrypick.go\\n         cherrypick_test.go\\n         clone.go\\n         clone_test.go\\n         commit.go\\n         config.go\\n         config_test.go\\n         credentials.go\\n         delta_string.go\\n         deprecated.go\\n         describe.go\\n         describe_test.go\\n         diff.go\\n         diff_test.go\\n         difflinetype_string.go\\n         errorclass_string.go\\n         errorcode_string.go\\n         features.go\\n         git.go\\n         git_test.go\\n         go.mod\\n         go.sum\\n         graph.go\\n         graph_test.go\\n         handles.go\\n         http.go\\n         ignore.go\\n         index.go\\n         index_test.go\\n         indexer.go\\n         indexer_test.go\\n         mempack.go\\n         mempack_test.go\\n         merge.go\\n         merge_test.go\\n         message.go\\n         message_test.go\\n         note.go\\n         note_test.go\\n         object.go\\n         object_test.go\\n         odb.go\\n         odb_test.go\\n         packbuilder.go\\n         patch.go\\n         patch_test.go\\n         push_test.go\\n         rebase.go\\n         rebase_test.go\\n         refdb.go\\n         reference.go\\n         reference_test.go\\n         refspec.go\\n         refspec_test.go\\n         remote.go\\n         remote_test.go\\n         repository.go\\n         repository_test.go\\n         reset.go\\n         reset_test.go\\n         revert.go\\n         revert_test.go\\n         revparse.go\\n         revparse_test.go\\n         script/\\n         settings.go\\n         settings_test.go\\n         signature.go\\n         ssh.go\\n         stash.go\\n         stash_test.go\\n         status.go\\n         status_test.go\\n         submodule.go\\n         submodule_test.go\\n         tag.go\\n         tag_test.go\\n         testdata/\\n         transport.go\\n         transport_test.go\\n         tree.go\\n         tree_test.go\\n         vendor/\\n         walk.go\\n         wrapper.c\"\n+      ],\n+      \"count\": 103\n+    }\n+  }\n+}\n+debug 2025/06/17 13:50:34 Received CLI command: {\n+  \"requestId\": \"74339702-9d6a-48c3-bfe4-c30fec0ced5e\",\n+  \"Payload\": {\n+    \"FileRequest\": {\n+      \"workspaceSessionId\": \"cli:744\",\n+      \"file\": \"fib.go\"\n+    }\n+  }\n+}\n+debug 2025/06/17 13:50:34 Received CLI command requestId:\"74339702-9d6a-48c3-bfe4-c30fec0ced5e\" file_request:{workspaceSessionId:\"cli:744\" file:\"fib.go\"}\n+debug 2025/06/17 13:50:34 Sending result: {\n+  \"requestId\": \"74339702-9d6a-48c3-bfe4-c30fec0ced5e\",\n+  \"Payload\": {\n+    \"FileResponse\": {}\n+  }\n+}\n+debug 2025/06/17 13:50:38 Received CLI command: {\n+  \"requestId\": \"9ff0f55b-5cbc-43a0-b77b-0549b9f1214c\",\n+  \"Payload\": {\n+    \"ApplyCodeChangeRequest\": {\n+      \"workspaceSessionId\": \"cli:744\",\n+      \"change\": \"\\u003cbof\\u003e\\n// fib.go\\n// Package main provides a Fibonacci sequence generator using Go channels.\\npackage main\\n\\nimport \\\"fmt\\\"\\n\\n// FibGenerator returns a channel that produces Fibonacci numbers up to n values.\\n// If n is 0, it generates an infinite sequence (caller must break).\\nfunc FibGenerator(n int) \\u003c-chan int {\\n\\tch := make(chan int)\\n\\tgo func() {\\n\\t\\tdefer close(ch)\\n\\t\\ta, b := 0, 1\\n\\t\\tcount := 0\\n\\t\\tfor {\\n\\t\\t\\tif n \\u003e 0 \\u0026\\u0026 count \\u003e= n {\\n\\t\\t\\t\\treturn\\n\\t\\t\\t}\\n\\t\\t\\tch \\u003c- a\\n\\t\\t\\ta, b = b, a+b\\n\\t\\t\\tcount++\\n\\t\\t}\\n\\t}()\\n\\treturn ch\\n}\\n\\n// Example usage\\nfunc main() {\\n\\tfmt.Println(\\\"First 10 Fibonacci numbers:\\\")\\n\\tfor num := range FibGenerator(10) {\\n\\t\\tfmt.Print(num, \\\" \\\")\\n\\t}\\n\\tfmt.Println()\\n}\\n\\n\\u003ceof\\u003e\",\n+      \"contextLinesLength\": 15,\n+      \"filePath\": \"fib.go\"\n+    }\n+  }\n+}\n+debug 2025/06/17 13:50:38 Received CLI command requestId:\"9ff0f55b-5cbc-43a0-b77b-0549b9f1214c\" apply_code_change_request:{workspaceSessionId:\"cli:744\" change:\"\u003cbof\u003e\\n// fib.go\\n// Package main provides a Fibonacci sequence generator using Go channels.\\npackage main\\n\\nimport \\\"fmt\\\"\\n\\n// FibGenerator returns a channel that produces Fibonacci numbers up to n values.\\n// If n is 0, it generates an infinite sequence (caller must break).\\nfunc FibGenerator(n int) \u003c-chan int {\\n\\tch := make(chan int)\\n\\tgo func() {\\n\\t\\tdefer close(ch)\\n\\t\\ta, b := 0, 1\\n\\t\\tcount := 0\\n\\t\\tfor {\\n\\t\\t\\tif n \u003e 0 \u0026\u0026 count \u003e= n {\\n\\t\\t\\t\\treturn\\n\\t\\t\\t}\\n\\t\\t\\tch \u003c- a\\n\\t\\t\\ta, b = b, a+b\\n\\t\\t\\tcount++\\n\\t\\t}\\n\\t}()\\n\\treturn ch\\n}\\n\\n// Example usage\\nfunc main() {\\n\\tfmt.Println(\\\"First 10 Fibonacci numbers:\\\")\\n\\tfor num := range FibGenerator(10) {\\n\\t\\tfmt.Print(num, \\\" \\\")\\n\\t}\\n\\tfmt.Println()\\n}\\n\\n\u003ceof\u003e\" contextLinesLength:15 filePath:\"fib.go\"}\n+debug 2025/06/17 13:50:38 Sending result: {\n+  \"requestId\": \"9ff0f55b-5cbc-43a0-b77b-0549b9f1214c\",\n+  \"Payload\": {\n+    \"ApplyCodeChangeResponse\": {\n+      \"diff\": \"diff --git a/debug.log b/debug.log\\nnew file mode 100644\\nindex 0000000..8e478c4\\n--- /dev/null\\n+++ b/debug.log\\n@@ -0,0 +1,180 @@\\n+debug 2025/06/17 13:50:04 Projects:  [{zhzf24w8jo86 git2go git2go Cosine cosine-stg true} {3a0kipihmuz6 cosine-monorepo cosine-monorepo Cosine cosine-stg false} {p0kel9d9u0g0 cosine-rl cosine-rl Cosine cosine-stg false} {jxtrljw9ugtq exo exo Cosine cosine-stg false} {dv5u2vgy2tsc experiments experiments Cosine cosine-stg false} {zpyq6g5i5rry genie-use genie-use Cosine cosine-stg false} {jv1ogp3k60pq nestjs-neo4j nestjs-neo4j Cosine cosine-stg false} {27e0n6esim25 next-js-saas-starter next-js-saas-starter Cosine cosine-stg false} {lxcet1afp6r8 swelancer-benchmark swelancer-benchmark Cosine cosine-stg false} {13xv5h1dh0lc swelancer-expensify-app swelancer-expensify-app Cosine cosine-stg false} {c4w4qrzzqhl5 vscode vscode Cosine cosine-stg false} {wpxyviz2zrp8 portfolio portfolio Cameron Nimmo qvzkuw5ud4dl false}]\\n+debug 2025/06/17 13:50:14 Starting serve command\\n+debug 2025/06/17 13:50:14 Received JSON message: {\\\"connectedMessage\\\":{\\\"cliSessionId\\\":\\\"67c8vgduzzty\\\",\\\"url\\\":\\\"localhost:3000\\\"}}\\n+debug 2025/06/17 13:50:14 Received connected message\\n+debug 2025/06/17 13:50:14 Sending message to readCh \\u0026{67c8vgduzzty localhost:3000}\\n+debug 2025/06/17 13:50:14 Connected:  \\u0026{67c8vgduzzty localhost:3000}\\n+debug 2025/06/17 13:50:28 Enter:  enter\\n+debug 2025/06/17 13:50:28 Received CLI command: {\\n+  \\\"requestId\\\": \\\"520a6629-3675-49da-84a4-d548dfbe6e2d\\\",\\n+  \\\"Payload\\\": {\\n+    \\\"CheckoutRequest\\\": {\\n+      \\\"sha\\\": \\\"4b14d29c207e9969ea62a7fe07d490b036c14722\\\"\\n+    }\\n+  }\\n+}\\n+debug 2025/06/17 13:50:28 Received CLI command requestId:\\\"520a6629-3675-49da-84a4-d548dfbe6e2d\\\" checkout_request:{sha:\\\"4b14d29c207e9969ea62a7fe07d490b036c14722\\\"}\\n+debug 2025/06/17 13:50:29 Sending result: {\\n+  \\\"requestId\\\": \\\"520a6629-3675-49da-84a4-d548dfbe6e2d\\\",\\n+  \\\"Payload\\\": {\\n+    \\\"CheckoutResponse\\\": {}\\n+  }\\n+}\\n+debug 2025/06/17 13:50:29 Received JSON message: {\\\"taskAttachedMessage\\\":{\\\"taskId\\\":\\\"8rfce0iy1km8\\\",\\\"url\\\":\\\"http://localhost:3000/cosine-stg/git2go/task/8rfce0iy1km8\\\"}}\\n+debug 2025/06/17 13:50:29 Received task attached message\\n+debug 2025/06/17 13:50:29 Sending message to readCh \\u0026{8rfce0iy1km8 http://localhost:3000/cosine-stg/git2go/task/8rfce0iy1km8}\\n+debug 2025/06/17 13:50:29 Task attached:  \\u0026{8rfce0iy1km8 http://localhost:3000/cosine-stg/git2go/task/8rfce0iy1km8}\\n+debug 2025/06/17 13:50:29 Create task response:  \\u0026{ http://localhost:3000/cosine-stg/git2go/task/8rfce0iy1km8}\\n+debug 2025/06/17 13:50:30 Received CLI command: {\\n+  \\\"requestId\\\": \\\"5f3a1226-7123-412e-b327-ef83821ff035\\\",\\n+  \\\"Payload\\\": {\\n+    \\\"HeadAndBranchRequest\\\": {\\n+      \\\"workspaceSessionId\\\": \\\"cli:744\\\"\\n+    }\\n+  }\\n+}\\n+debug 2025/06/17 13:50:30 Received CLI command requestId:\\\"5f3a1226-7123-412e-b327-ef83821ff035\\\" head_and_branch_request:{workspaceSessionId:\\\"cli:744\\\"}\\n+debug 2025/06/17 13:50:30 Sending result: {\\n+  \\\"requestId\\\": \\\"5f3a1226-7123-412e-b327-ef83821ff035\\\",\\n+  \\\"Payload\\\": {\\n+    \\\"HeadAndBranchResponse\\\": {\\n+      \\\"head\\\": \\\"4b14d29c207e9969ea62a7fe07d490b036c14722\\\",\\n+      \\\"branch\\\": \\\"HEAD\\\"\\n+    }\\n+  }\\n+}\\n+debug 2025/06/17 13:50:30 Received CLI command: {\\n+  \\\"requestId\\\": \\\"2a633907-e598-46b9-b95b-c91e186e0212\\\",\\n+  \\\"Payload\\\": {\\n+    \\\"DiffRequest\\\": {\\n+      \\\"workspaceSessionId\\\": \\\"cli:744\\\",\\n+      \\\"sourceSha\\\": \\\"4b14d29c207e9969ea62a7fe07d490b036c14722\\\",\\n+      \\\"includeUntracked\\\": true\\n+    }\\n+  }\\n+}\\n+debug 2025/06/17 13:50:30 Received CLI command requestId:\\\"2a633907-e598-46b9-b95b-c91e186e0212\\\" diff_request:{workspaceSessionId:\\\"cli:744\\\" sourceSha:\\\"4b14d29c207e9969ea62a7fe07d490b036c14722\\\" includeUntracked:true}\\n+debug 2025/06/17 13:50:30 Sending result: {\\n+  \\\"requestId\\\": \\\"2a633907-e598-46b9-b95b-c91e186e0212\\\",\\n+  \\\"Payload\\\": {\\n+    \\\"DiffResponse\\\": {\\n+      \\\"diff\\\": \\\"diff --git a/debug.log b/debug.log\\\\nnew file mode 100644\\\\nindex 0000000..fda468f\\\\n--- /dev/null\\\\n+++ b/debug.log\\\\n@@ -0,0 +1,56 @@\\\\n+debug 2025/06/17 13:50:04 Projects:  [{zhzf24w8jo86 git2go git2go Cosine cosine-stg true} {3a0kipihmuz6 cosine-monorepo cosine-monorepo Cosine cosine-stg false} {p0kel9d9u0g0 cosine-rl cosine-rl Cosine cosine-stg false} {jxtrljw9ugtq exo exo Cosine cosine-stg false} {dv5u2vgy2tsc experiments experiments Cosine cosine-stg false} {zpyq6g5i5rry genie-use genie-use Cosine cosine-stg false} {jv1ogp3k60pq nestjs-neo4j nestjs-neo4j Cosine cosine-stg false} {27e0n6esim25 next-js-saas-starter next-js-saas-starter Cosine cosine-stg false} {lxcet1afp6r8 swelancer-benchmark swelancer-benchmark Cosine cosine-stg false} {13xv5h1dh0lc swelancer-expensify-app swelancer-expensify-app Cosine cosine-stg false} {c4w4qrzzqhl5 vscode vscode Cosine cosine-stg false} {wpxyviz2zrp8 portfolio portfolio Cameron Nimmo qvzkuw5ud4dl false}]\\\\n+debug 2025/06/17 13:50:14 Starting serve command\\\\n+debug 2025/06/17 13:50:14 Received JSON message: {\\\\\\\"connectedMessage\\\\\\\":{\\\\\\\"cliSessionId\\\\\\\":\\\\\\\"67c8vgduzzty\\\\\\\",\\\\\\\"url\\\\\\\":\\\\\\\"localhost:3000\\\\\\\"}}\\\\n+debug 2025/06/17 13:50:14 Received connected message\\\\n+debug 2025/06/17 13:50:14 Sending message to readCh \\\\u0026{67c8vgduzzty localhost:3000}\\\\n+debug 2025/06/17 13:50:14 Connected:  \\\\u0026{67c8vgduzzty localhost:3000}\\\\n+debug 2025/06/17 13:50:28 Enter:  enter\\\\n+debug 2025/06/17 13:50:28 Received CLI command: {\\\\n+  \\\\\\\"requestId\\\\\\\": \\\\\\\"520a6629-3675-49da-84a4-d548dfbe6e2d\\\\\\\",\\\\n+  \\\\\\\"Payload\\\\\\\": {\\\\n+    \\\\\\\"CheckoutRequest\\\\\\\": {\\\\n+      \\\\\\\"sha\\\\\\\": \\\\\\\"4b14d29c207e9969ea62a7fe07d490b036c14722\\\\\\\"\\\\n+    }\\\\n+  }\\\\n+}\\\\n+debug 2025/06/17 13:50:28 Received CLI command requestId:\\\\\\\"520a6629-3675-49da-84a4-d548dfbe6e2d\\\\\\\" checkout_request:{sha:\\\\\\\"4b14d29c207e9969ea62a7fe07d490b036c14722\\\\\\\"}\\\\n+debug 2025/06/17 13:50:29 Sending result: {\\\\n+  \\\\\\\"requestId\\\\\\\": \\\\\\\"520a6629-3675-49da-84a4-d548dfbe6e2d\\\\\\\",\\\\n+  \\\\\\\"Payload\\\\\\\": {\\\\n+    \\\\\\\"CheckoutResponse\\\\\\\": {}\\\\n+  }\\\\n+}\\\\n+debug 2025/06/17 13:50:29 Received JSON message: {\\\\\\\"taskAttachedMessage\\\\\\\":{\\\\\\\"taskId\\\\\\\":\\\\\\\"8rfce0iy1km8\\\\\\\",\\\\\\\"url\\\\\\\":\\\\\\\"http://localhost:3000/cosine-stg/git2go/task/8rfce0iy1km8\\\\\\\"}}\\\\n+debug 2025/06/17 13:50:29 Received task attached message\\\\n+debug 2025/06/17 13:50:29 Sending message to readCh \\\\u0026{8rfce0iy1km8 http://localhost:3000/cosine-stg/git2go/task/8rfce0iy1km8}\\\\n+debug 2025/06/17 13:50:29 Task attached:  \\\\u0026{8rfce0iy1km8 http://localhost:3000/cosine-stg/git2go/task/8rfce0iy1km8}\\\\n+debug 2025/06/17 13:50:29 Create task response:  \\\\u0026{ http://localhost:3000/cosine-stg/git2go/task/8rfce0iy1km8}\\\\n+debug 2025/06/17 13:50:30 Received CLI command: {\\\\n+  \\\\\\\"requestId\\\\\\\": \\\\\\\"5f3a1226-7123-412e-b327-ef83821ff035\\\\\\\",\\\\n+  \\\\\\\"Payload\\\\\\\": {\\\\n+    \\\\\\\"HeadAndBranchRequest\\\\\\\": {\\\\n+      \\\\\\\"workspaceSessionId\\\\\\\": \\\\\\\"cli:744\\\\\\\"\\\\n+    }\\\\n+  }\\\\n+}\\\\n+debug 2025/06/17 13:50:30 Received CLI command requestId:\\\\\\\"5f3a1226-7123-412e-b327-ef83821ff035\\\\\\\" head_and_branch_request:{workspaceSessionId:\\\\\\\"cli:744\\\\\\\"}\\\\n+debug 2025/06/17 13:50:30 Sending result: {\\\\n+  \\\\\\\"requestId\\\\\\\": \\\\\\\"5f3a1226-7123-412e-b327-ef83821ff035\\\\\\\",\\\\n+  \\\\\\\"Payload\\\\\\\": {\\\\n+    \\\\\\\"HeadAndBranchResponse\\\\\\\": {\\\\n+      \\\\\\\"head\\\\\\\": \\\\\\\"4b14d29c207e9969ea62a7fe07d490b036c14722\\\\\\\",\\\\n+      \\\\\\\"branch\\\\\\\": \\\\\\\"HEAD\\\\\\\"\\\\n+    }\\\\n+  }\\\\n+}\\\\n+debug 2025/06/17 13:50:30 Received CLI command: {\\\\n+  \\\\\\\"requestId\\\\\\\": \\\\\\\"2a633907-e598-46b9-b95b-c91e186e0212\\\\\\\",\\\\n+  \\\\\\\"Payload\\\\\\\": {\\\\n+    \\\\\\\"DiffRequest\\\\\\\": {\\\\n+      \\\\\\\"workspaceSessionId\\\\\\\": \\\\\\\"cli:744\\\\\\\",\\\\n+      \\\\\\\"sourceSha\\\\\\\": \\\\\\\"4b14d29c207e9969ea62a7fe07d490b036c14722\\\\\\\",\\\\n+      \\\\\\\"includeUntracked\\\\\\\": true\\\\n+    }\\\\n+  }\\\\n+}\\\\n+debug 2025/06/17 13:50:30 Received CLI command requestId:\\\\\\\"2a633907-e598-46b9-b95b-c91e186e0212\\\\\\\" diff_request:{workspaceSessionId:\\\\\\\"cli:744\\\\\\\" sourceSha:\\\\\\\"4b14d29c207e9969ea62a7fe07d490b036c14722\\\\\\\" includeUntracked:true}\\\\n\\\"\\n+    }\\n+  }\\n+}\\n+debug 2025/06/17 13:50:30 Received CLI command: {\\n+  \\\"requestId\\\": \\\"c4eb71ce-3097-4039-a8f2-3440f3ca8cef\\\",\\n+  \\\"Payload\\\": {\\n+    \\\"DiffRequest\\\": {\\n+      \\\"workspaceSessionId\\\": \\\"cli:744\\\",\\n+      \\\"sourceSha\\\": \\\"HEAD\\\",\\n+      \\\"includeUntracked\\\": true\\n+    }\\n+  }\\n+}\\n+debug 2025/06/17 13:50:30 Received CLI command requestId:\\\"c4eb71ce-3097-4039-a8f2-3440f3ca8cef\\\" diff_request:{workspaceSessionId:\\\"cli:744\\\" sourceSha:\\\"HEAD\\\" includeUntracked:true}\\n+debug 2025/06/17 13:50:30 Sending result: {\\n+  \\\"requestId\\\": \\\"c4eb71ce-3097-4039-a8f2-3440f3ca8cef\\\",\\n+  \\\"Payload\\\": {\\n+    \\\"DiffResponse\\\": {\\n+      \\\"diff\\\": \\\"diff --git a/debug.log b/debug.log\\\\nnew file mode 100644\\\\nindex 0000000..46051fb\\\\n--- /dev/null\\\\n+++ b/debug.log\\\\n@@ -0,0 +1,75 @@\\\\n+debug 2025/06/17 13:50:04 Projects:  [{zhzf24w8jo86 git2go git2go Cosine cosine-stg true} {3a0kipihmuz6 cosine-monorepo cosine-monorepo Cosine cosine-stg false} {p0kel9d9u0g0 cosine-rl cosine-rl Cosine cosine-stg false} {jxtrljw9ugtq exo exo Cosine cosine-stg false} {dv5u2vgy2tsc experiments experiments Cosine cosine-stg false} {zpyq6g5i5rry genie-use genie-use Cosine cosine-stg false} {jv1ogp3k60pq nestjs-neo4j nestjs-neo4j Cosine cosine-stg false} {27e0n6esim25 next-js-saas-starter next-js-saas-starter Cosine cosine-stg false} {lxcet1afp6r8 swelancer-benchmark swelancer-benchmark Cosine cosine-stg false} {13xv5h1dh0lc swelancer-expensify-app swelancer-expensify-app Cosine cosine-stg false} {c4w4qrzzqhl5 vscode vscode Cosine cosine-stg false} {wpxyviz2zrp8 portfolio portfolio Cameron Nimmo qvzkuw5ud4dl false}]\\\\n+debug 2025/06/17 13:50:14 Starting serve command\\\\n+debug 2025/06/17 13:50:14 Received JSON message: {\\\\\\\"connectedMessage\\\\\\\":{\\\\\\\"cliSessionId\\\\\\\":\\\\\\\"67c8vgduzzty\\\\\\\",\\\\\\\"url\\\\\\\":\\\\\\\"localhost:3000\\\\\\\"}}\\\\n+debug 2025/06/17 13:50:14 Received connected message\\\\n+debug 2025/06/17 13:50:14 Sending message to readCh \\\\u0026{67c8vgduzzty localhost:3000}\\\\n+debug 2025/06/17 13:50:14 Connected:  \\\\u0026{67c8vgduzzty localhost:3000}\\\\n+debug 2025/06/17 13:50:28 Enter:  enter\\\\n+debug 2025/06/17 13:50:28 Received CLI command: {\\\\n+  \\\\\\\"requestId\\\\\\\": \\\\\\\"520a6629-3675-49da-84a4-d548dfbe6e2d\\\\\\\",\\\\n+  \\\\\\\"Payload\\\\\\\": {\\\\n+    \\\\\\\"CheckoutRequest\\\\\\\": {\\\\n+      \\\\\\\"sha\\\\\\\": \\\\\\\"4b14d29c207e9969ea62a7fe07d490b036c14722\\\\\\\"\\\\n+    }\\\\n+  }\\\\n+}\\\\n+debug 2025/06/17 13:50:28 Received CLI command requestId:\\\\\\\"520a6629-3675-49da-84a4-d548dfbe6e2d\\\\\\\" checkout_request:{sha:\\\\\\\"4b14d29c207e9969ea62a7fe07d490b036c14722\\\\\\\"}\\\\n+debug 2025/06/17 13:50:29 Sending result: {\\\\n+  \\\\\\\"requestId\\\\\\\": \\\\\\\"520a6629-3675-49da-84a4-d548dfbe6e2d\\\\\\\",\\\\n+  \\\\\\\"Payload\\\\\\\": {\\\\n+    \\\\\\\"CheckoutResponse\\\\\\\": {}\\\\n+  }\\\\n+}\\\\n+debug 2025/06/17 13:50:29 Received JSON message: {\\\\\\\"taskAttachedMessage\\\\\\\":{\\\\\\\"taskId\\\\\\\":\\\\\\\"8rfce0iy1km8\\\\\\\",\\\\\\\"url\\\\\\\":\\\\\\\"http://localhost:3000/cosine-stg/git2go/task/8rfce0iy1km8\\\\\\\"}}\\\\n+debug 2025/06/17 13:50:29 Received task attached message\\\\n+debug 2025/06/17 13:50:29 Sending message to readCh \\\\u0026{8rfce0iy1km8 http://localhost:3000/cosine-stg/git2go/task/8rfce0iy1km8}\\\\n+debug 2025/06/17 13:50:29 Task attached:  \\\\u0026{8rfce0iy1km8 http://localhost:3000/cosine-stg/git2go/task/8rfce0iy1km8}\\\\n+debug 2025/06/17 13:50:29 Create task response:  \\\\u0026{ http://localhost:3000/cosine-stg/git2go/task/8rfce0iy1km8}\\\\n+debug 2025/06/17 13:50:30 Received CLI command: {\\\\n+  \\\\\\\"requestId\\\\\\\": \\\\\\\"5f3a1226-7123-412e-b327-ef83821ff035\\\\\\\",\\\\n+  \\\\\\\"Payload\\\\\\\": {\\\\n+    \\\\\\\"HeadAndBranchRequest\\\\\\\": {\\\\n+      \\\\\\\"workspaceSessionId\\\\\\\": \\\\\\\"cli:744\\\\\\\"\\\\n+    }\\\\n+  }\\\\n+}\\\\n+debug 2025/06/17 13:50:30 Received CLI command requestId:\\\\\\\"5f3a1226-7123-412e-b327-ef83821ff035\\\\\\\" head_and_branch_request:{workspaceSessionId:\\\\\\\"cli:744\\\\\\\"}\\\\n+debug 2025/06/17 13:50:30 Sending result: {\\\\n+  \\\\\\\"requestId\\\\\\\": \\\\\\\"5f3a1226-7123-412e-b327-ef83821ff035\\\\\\\",\\\\n+  \\\\\\\"Payload\\\\\\\": {\\\\n+    \\\\\\\"HeadAndBranchResponse\\\\\\\": {\\\\n+      \\\\\\\"head\\\\\\\": \\\\\\\"4b14d29c207e9969ea62a7fe07d490b036c14722\\\\\\\",\\\\n+      \\\\\\\"branch\\\\\\\": \\\\\\\"HEAD\\\\\\\"\\\\n+    }\\\\n+  }\\\\n+}\\\\n+debug 2025/06/17 13:50:30 Received CLI command: {\\\\n+  \\\\\\\"requestId\\\\\\\": \\\\\\\"2a633907-e598-46b9-b95b-c91e186e0212\\\\\\\",\\\\n+  \\\\\\\"Payload\\\\\\\": {\\\\n+    \\\\\\\"DiffRequest\\\\\\\": {\\\\n+      \\\\\\\"workspaceSessionId\\\\\\\": \\\\\\\"cli:744\\\\\\\",\\\\n+      \\\\\\\"sourceSha\\\\\\\": \\\\\\\"4b14d29c207e9969ea62a7fe07d490b036c14722\\\\\\\",\\\\n+      \\\\\\\"includeUntracked\\\\\\\": true\\\\n+    }\\\\n+  }\\\\n+}\\\\n+debug 2025/06/17 13:50:30 Received CLI command requestId:\\\\\\\"2a633907-e598-46b9-b95b-c91e186e0212\\\\\\\" diff_request:{workspaceSessionId:\\\\\\\"cli:744\\\\\\\" sourceSha:\\\\\\\"4b14d29c207e9969ea62a7fe07d490b036c14722\\\\\\\" includeUntracked:true}\\\\n+debug 2025/06/17 13:50:30 Sending result: {\\\\n+  \\\\\\\"requestId\\\\\\\": \\\\\\\"2a633907-e598-46b9-b95b-c91e186e0212\\\\\\\",\\\\n+  \\\\\\\"Payload\\\\\\\": {\\\\n+    \\\\\\\"DiffResponse\\\\\\\": {\\\\n+      \\\\\\\"diff\\\\\\\": \\\\\\\"diff --git a/debug.log b/debug.log\\\\\\\\nnew file mode 100644\\\\\\\\nindex 0000000..fda468f\\\\\\\\n--- /dev/null\\\\\\\\n+++ b/debug.log\\\\\\\\n@@ -0,0 +1,56 @@\\\\\\\\n+debug 2025/06/17 13:50:04 Projects:  [{zhzf24w8jo86 git2go git2go Cosine cosine-stg true} {3a0kipihmuz6 cosine-monorepo cosine-monorepo Cosine cosine-stg false} {p0kel9d9u0g0 cosine-rl cosine-rl Cosine cosine-stg false} {jxtrljw9ugtq exo exo Cosine cosine-stg false} {dv5u2vgy2tsc experiments experiments Cosine cosine-stg false} {zpyq6g5i5rry genie-use genie-use Cosine cosine-stg false} {jv1ogp3k60pq nestjs-neo4j nestjs-neo4j Cosine cosine-stg false} {27e0n6esim25 next-js-saas-starter next-js-saas-starter Cosine cosine-stg false} {lxcet1afp6r8 swelancer-benchmark swelancer-benchmark Cosine cosine-stg false} {13xv5h1dh0lc swelancer-expensify-app swelancer-expensify-app Cosine cosine-stg false} {c4w4qrzzqhl5 vscode vscode Cosine cosine-stg false} {wpxyviz2zrp8 portfolio portfolio Cameron Nimmo qvzkuw5ud4dl false}]\\\\\\\\n+debug 2025/06/17 13:50:14 Starting serve command\\\\\\\\n+debug 2025/06/17 13:50:14 Received JSON message: {\\\\\\\\\\\\\\\"connectedMessage\\\\\\\\\\\\\\\":{\\\\\\\\\\\\\\\"cliSessionId\\\\\\\\\\\\\\\":\\\\\\\\\\\\\\\"67c8vgduzzty\\\\\\\\\\\\\\\",\\\\\\\\\\\\\\\"url\\\\\\\\\\\\\\\":\\\\\\\\\\\\\\\"localhost:3000\\\\\\\\\\\\\\\"}}\\\\\\\\n+debug 2025/06/17 13:50:14 Received connected message\\\\\\\\n+debug 2025/06/17 13:50:14 Sending message to readCh \\\\\\\\u0026{67c8vgduzzty localhost:3000}\\\\\\\\n+debug 2025/06/17 13:50:14 Connected:  \\\\\\\\u0026{67c8vgduzzty localhost:3000}\\\\\\\\n+debug 2025/06/17 13:50:28 Enter:  enter\\\\\\\\n+debug 2025/06/17 13:50:28 Received CLI command: {\\\\\\\\n+  \\\\\\\\\\\\\\\"requestId\\\\\\\\\\\\\\\": \\\\\\\\\\\\\\\"520a6629-3675-49da-84a4-d548dfbe6e2d\\\\\\\\\\\\\\\",\\\\\\\\n+  \\\\\\\\\\\\\\\"Payload\\\\\\\\\\\\\\\": {\\\\\\\\n+    \\\\\\\\\\\\\\\"CheckoutRequest\\\\\\\\\\\\\\\": {\\\\\\\\n+      \\\\\\\\\\\\\\\"sha\\\\\\\\\\\\\\\": \\\\\\\\\\\\\\\"4b14d29c207e9969ea62a7fe07d490b036c14722\\\\\\\\\\\\\\\"\\\\\\\\n+    }\\\\\\\\n+  }\\\\\\\\n+}\\\\\\\\n+debug 2025/06/17 13:50:28 Received CLI command requestId:\\\\\\\\\\\\\\\"520a6629-3675-49da-84a4-d548dfbe6e2d\\\\\\\\\\\\\\\" checkout_request:{sha:\\\\\\\\\\\\\\\"4b14d29c207e9969ea62a7fe07d490b036c14722\\\\\\\\\\\\\\\"}\\\\\\\\n+debug 2025/06/17 13:50:29 Sending result: {\\\\\\\\n+  \\\\\\\\\\\\\\\"requestId\\\\\\\\\\\\\\\": \\\\\\\\\\\\\\\"520a6629-3675-49da-84a4-d548dfbe6e2d\\\\\\\\\\\\\\\",\\\\\\\\n+  \\\\\\\\\\\\\\\"Payload\\\\\\\\\\\\\\\": {\\\\\\\\n+    \\\\\\\\\\\\\\\"CheckoutResponse\\\\\\\\\\\\\\\": {}\\\\\\\\n+  }\\\\\\\\n+}\\\\\\\\n+debug 2025/06/17 13:50:29 Received JSON message: {\\\\\\\\\\\\\\\"taskAttachedMessage\\\\\\\\\\\\\\\":{\\\\\\\\\\\\\\\"taskId\\\\\\\\\\\\\\\":\\\\\\\\\\\\\\\"8rfce0iy1km8\\\\\\\\\\\\\\\",\\\\\\\\\\\\\\\"url\\\\\\\\\\\\\\\":\\\\\\\\\\\\\\\"http://localhost:3000/cosine-stg/git2go/task/8rfce0iy1km8\\\\\\\\\\\\\\\"}}\\\\\\\\n+debug 2025/06/17 13:50:29 Received task attached message\\\\\\\\n+debug 2025/06/17 13:50:29 Sending message to readCh \\\\\\\\u0026{8rfce0iy1km8 http://localhost:3000/cosine-stg/git2go/task/8rfce0iy1km8}\\\\\\\\n+debug 2025/06/17 13:50:29 Task attached:  \\\\\\\\u0026{8rfce0iy1km8 http://localhost:3000/cosine-stg/git2go/task/8rfce0iy1km8}\\\\\\\\n+debug 2025/06/17 13:50:29 Create task response:  \\\\\\\\u0026{ http://localhost:3000/cosine-stg/git2go/task/8rfce0iy1km8}\\\\\\\\n+debug 2025/06/17 13:50:30 Received CLI command: {\\\\\\\\n+  \\\\\\\\\\\\\\\"requestId\\\\\\\\\\\\\\\": \\\\\\\\\\\\\\\"5f3a1226-7123-412e-b327-ef83821ff035\\\\\\\\\\\\\\\",\\\\\\\\n+  \\\\\\\\\\\\\\\"Payload\\\\\\\\\\\\\\\": {\\\\\\\\n+    \\\\\\\\\\\\\\\"HeadAndBranchRequest\\\\\\\\\\\\\\\": {\\\\\\\\n+      \\\\\\\\\\\\\\\"workspaceSessionId\\\\\\\\\\\\\\\": \\\\\\\\\\\\\\\"cli:744\\\\\\\\\\\\\\\"\\\\\\\\n+    }\\\\\\\\n+  }\\\\\\\\n+}\\\\\\\\n+debug 2025/06/17 13:50:30 Received CLI command requestId:\\\\\\\\\\\\\\\"5f3a1226-7123-412e-b327-ef83821ff035\\\\\\\\\\\\\\\" head_and_branch_request:{workspaceSessionId:\\\\\\\\\\\\\\\"cli:744\\\\\\\\\\\\\\\"}\\\\\\\\n+debug 2025/06/17 13:50:30 Sending result: {\\\\\\\\n+  \\\\\\\\\\\\\\\"requestId\\\\\\\\\\\\\\\": \\\\\\\\\\\\\\\"5f3a1226-7123-412e-b327-ef83821ff035\\\\\\\\\\\\\\\",\\\\\\\\n+  \\\\\\\\\\\\\\\"Payload\\\\\\\\\\\\\\\": {\\\\\\\\n+    \\\\\\\\\\\\\\\"HeadAndBranchResponse\\\\\\\\\\\\\\\": {\\\\\\\\n+      \\\\\\\\\\\\\\\"head\\\\\\\\\\\\\\\": \\\\\\\\\\\\\\\"4b14d29c207e9969ea62a7fe07d490b036c14722\\\\\\\\\\\\\\\",\\\\\\\\n+      \\\\\\\\\\\\\\\"branch\\\\\\\\\\\\\\\": \\\\\\\\\\\\\\\"HEAD\\\\\\\\\\\\\\\"\\\\\\\\n+    }\\\\\\\\n+  }\\\\\\\\n+}\\\\\\\\n+debug 2025/06/17 13:50:30 Received CLI command: {\\\\\\\\n+  \\\\\\\\\\\\\\\"requestId\\\\\\\\\\\\\\\": \\\\\\\\\\\\\\\"2a633907-e598-46b9-b95b-c91e186e0212\\\\\\\\\\\\\\\",\\\\\\\\n+  \\\\\\\\\\\\\\\"Payload\\\\\\\\\\\\\\\": {\\\\\\\\n+    \\\\\\\\\\\\\\\"DiffRequest\\\\\\\\\\\\\\\": {\\\\\\\\n+      \\\\\\\\\\\\\\\"workspaceSessionId\\\\\\\\\\\\\\\": \\\\\\\\\\\\\\\"cli:744\\\\\\\\\\\\\\\",\\\\\\\\n+      \\\\\\\\\\\\\\\"sourceSha\\\\\\\\\\\\\\\": \\\\\\\\\\\\\\\"4b14d29c207e9969ea62a7fe07d490b036c14722\\\\\\\\\\\\\\\",\\\\\\\\n+      \\\\\\\\\\\\\\\"includeUntracked\\\\\\\\\\\\\\\": true\\\\\\\\n+    }\\\\\\\\n+  }\\\\\\\\n+}\\\\\\\\n+debug 2025/06/17 13:50:30 Received CLI command requestId:\\\\\\\\\\\\\\\"2a633907-e598-46b9-b95b-c91e186e0212\\\\\\\\\\\\\\\" diff_request:{workspaceSessionId:\\\\\\\\\\\\\\\"cli:744\\\\\\\\\\\\\\\" sourceSha:\\\\\\\\\\\\\\\"4b14d29c207e9969ea62a7fe07d490b036c14722\\\\\\\\\\\\\\\" includeUntracked:true}\\\\\\\\n\\\\\\\"\\\\n+    }\\\\n+  }\\\\n+}\\\\n+debug 2025/06/17 13:50:30 Received CLI command: {\\\\n+  \\\\\\\"requestId\\\\\\\": \\\\\\\"c4eb71ce-3097-4039-a8f2-3440f3ca8cef\\\\\\\",\\\\n+  \\\\\\\"Payload\\\\\\\": {\\\\n+    \\\\\\\"DiffRequest\\\\\\\": {\\\\n+      \\\\\\\"workspaceSessionId\\\\\\\": \\\\\\\"cli:744\\\\\\\",\\\\n+      \\\\\\\"sourceSha\\\\\\\": \\\\\\\"HEAD\\\\\\\",\\\\n+      \\\\\\\"includeUntracked\\\\\\\": true\\\\n+    }\\\\n+  }\\\\n+}\\\\n+debug 2025/06/17 13:50:30 Received CLI command requestId:\\\\\\\"c4eb71ce-3097-4039-a8f2-3440f3ca8cef\\\\\\\" diff_request:{workspaceSessionId:\\\\\\\"cli:744\\\\\\\" sourceSha:\\\\\\\"HEAD\\\\\\\" includeUntracked:true}\\\\n\\\"\\n+    }\\n+  }\\n+}\\n+debug 2025/06/17 13:50:30 Received CLI command: {\\n+  \\\"requestId\\\": \\\"3bc69592-3114-4660-b556-584c3b44b21e\\\",\\n+  \\\"Payload\\\": {\\n+    \\\"TreeV2Request\\\": {\\n+      \\\"workspaceSessionId\\\": \\\"cli:744\\\",\\n+      \\\"format\\\": 1,\\n+      \\\"maxDepth\\\": 1\\n+    }\\n+  }\\n+}\\n+debug 2025/06/17 13:50:30 Received CLI command requestId:\\\"3bc69592-3114-4660-b556-584c3b44b21e\\\" tree_v2_request:{workspaceSessionId:\\\"cli:744\\\" format:STRING maxDepth:1}\\n+debug 2025/06/17 13:50:30 Sending result: {\\n+  \\\"requestId\\\": \\\"3bc69592-3114-4660-b556-584c3b44b21e\\\",\\n+  \\\"Payload\\\": {\\n+    \\\"TreeV2Response\\\": {\\n+      \\\"file\\\": [\\n+        \\\" Build_bundled_static.go\\\\n Build_system_dynamic.go\\\\n Build_system_static.go\\\\n Makefile\\\\n README.md\\\\n blame.go\\\\n blame_test.go\\\\n blob.go\\\\n blob_test.go\\\\n branch.go\\\\n branch_test.go\\\\n checkout.go\\\\n cherrypick.go\\\\n cherrypick_test.go\\\\n clone.go\\\\n clone_test.go\\\\n commit.go\\\\n config.go\\\\n config_test.go\\\\n credentials.go\\\\n delta_string.go\\\\n deprecated.go\\\\n describe.go\\\\n describe_test.go\\\\n diff.go\\\\n diff_test.go\\\\n difflinetype_string.go\\\\n errorclass_string.go\\\\n errorcode_string.go\\\\n features.go\\\\n git.go\\\\n git_test.go\\\\n graph.go\\\\n graph_test.go\\\\n handles.go\\\\n http.go\\\\n ignore.go\\\\n index.go\\\\n index_test.go\\\\n indexer.go\\\\n indexer_test.go\\\\n mempack.go\\\\n mempack_test.go\\\\n merge.go\\\\n merge_test.go\\\\n message.go\\\\n message_test.go\\\\n note.go\\\\n note_test.go\\\\n object.go\\\\n object_test.go\\\\n odb.go\\\\n odb_test.go\\\\n packbuilder.go\\\\n patch.go\\\\n patch_test.go\\\\n push_test.go\\\\n rebase.go\\\\n rebase_test.go\\\\n refdb.go\\\\n reference.go\\\\n reference_test.go\\\\n refspec.go\\\\n refspec_test.go\\\\n remote.go\\\\n remote_test.go\\\\n repository.go\\\\n repository_test.go\\\\n reset.go\\\\n reset_test.go\\\\n revert.go\\\\n revert_test.go\\\\n revparse.go\\\\n revparse_test.go\\\\n script/\\\\n settings.go\\\\n settings_test.go\\\\n signature.go\\\\n ssh.go\\\\n stash.go\\\\n stash_test.go\\\\n status.go\\\\n status_test.go\\\\n submodule.go\\\\n submodule_test.go\\\\n tag.go\\\\n tag_test.go\\\\n testdata/\\\\n transport.go\\\\n transport_test.go\\\\n tree.go\\\\n tree_test.go\\\\n vendor/\\\\n walk.go\\\\n wrapper.c\\\\n\\\"\\n+      ],\\n+      \\\"count\\\": 96\\n+    }\\n+  }\\n+}\\n+debug 2025/06/17 13:50:30 Received CLI command: {\\n+  \\\"requestId\\\": \\\"b41bdc98-23a6-4e33-94b7-c4a33a5f09c4\\\",\\n+  \\\"Payload\\\": {\\n+    \\\"FileRequest\\\": {\\n+      \\\"workspaceSessionId\\\": \\\"cli:744\\\",\\n+      \\\"file\\\": \\\"debug.log\\\"\\n+    }\\n+  }\\n+}\\n+debug 2025/06/17 13:50:30 Received CLI command requestId:\\\"b41bdc98-23a6-4e33-94b7-c4a33a5f09c4\\\" file_request:{workspaceSessionId:\\\"cli:744\\\" file:\\\"debug.log\\\"}\\n+debug 2025/06/17 13:50:30 Sending result: {\\n+  \\\"requestId\\\": \\\"b41bdc98-23a6-4e33-94b7-c4a33a5f09c4\\\",\\n+  \\\"Payload\\\": {\\n+    \\\"FileResponse\\\": {\\n+      \\\"file\\\": {\\n+        \\\"path\\\": \\\"debug.log\\\",\\n+        \\\"content\\\": \\\"debug 2025/06/17 13:50:04 Projects:  [{zhzf24w8jo86 git2go git2go Cosine cosine-stg true} {3a0kipihmuz6 cosine-monorepo cosine-monorepo Cosine cosine-stg false} {p0kel9d9u0g0 cosine-rl cosine-rl Cosine cosine-stg false} {jxtrljw9ugtq exo exo Cosine cosine-stg false} {dv5u2vgy2tsc experiments experiments Cosine cosine-stg false} {zpyq6g5i5rry genie-use genie-use Cosine cosine-stg false} {jv1ogp3k60pq nestjs-neo4j nestjs-neo4j Cosine cosine-stg false} {27e0n6esim25 next-js-saas-starter next-js-saas-starter Cosine cosine-stg false} {lxcet1afp6r8 swelancer-benchmark swelancer-benchmark Cosine cosine-stg false} {13xv5h1dh0lc swelancer-expensify-app swelancer-expensify-app Cosine cosine-stg false} {c4w4qrzzqhl5 vscode vscode Cosine cosine-stg false} {wpxyviz2zrp8 portfolio portfolio Cameron Nimmo qvzkuw5ud4dl false}]\\\\ndebug 2025/06/17 13:50:14 Starting serve command\\\\ndebug 2025/06/17 13:50:14 Received JSON message: {\\\\\\\"connectedMessage\\\\\\\":{\\\\\\\"cliSessionId\\\\\\\":\\\\\\\"67c8vgduzzty\\\\\\\",\\\\\\\"url\\\\\\\":\\\\\\\"localhost:3000\\\\\\\"}}\\\\ndebug 2025/06/17 13:50:14 Received connected message\\\\ndebug 2025/06/17 13:50:14 Sending message to readCh \\\\u0026{67c8vgduzzty localhost:3000}\\\\ndebug 2025/06/17 13:50:14 Connected:  \\\\u0026{67c8vgduzzty localhost:3000}\\\\ndebug 2025/06/17 13:50:28 Enter:  enter\\\\ndebug 2025/06/17 13:50:28 Received CLI command: {\\\\n  \\\\\\\"requestId\\\\\\\": \\\\\\\"520a6629-3675-49da-84a4-d548dfbe6e2d\\\\\\\",\\\\n  \\\\\\\"Payload\\\\\\\": {\\\\n    \\\\\\\"CheckoutRequest\\\\\\\": {\\\\n      \\\\\\\"sha\\\\\\\": \\\\\\\"4b14d29c207e9969ea62a7fe07d490b036c14722\\\\\\\"\\\\n    }\\\\n  }\\\\n}\\\\ndebug 2025/06/17 13:50:28 Received CLI command requestId:\\\\\\\"520a6629-3675-49da-84a4-d548dfbe6e2d\\\\\\\" checkout_request:{sha:\\\\\\\"4b14d29c207e9969ea62a7fe07d490b036c14722\\\\\\\"}\\\\ndebug 2025/06/17 13:50:29 Sending result: {\\\\n  \\\\\\\"requestId\\\\\\\": \\\\\\\"520a6629-3675-49da-84a4-d548dfbe6e2d\\\\\\\",\\\\n  \\\\\\\"Payload\\\\\\\": {\\\\n    \\\\\\\"CheckoutResponse\\\\\\\": {}\\\\n  }\\\\n}\\\\ndebug 2025/06/17 13:50:29 Received JSON message: {\\\\\\\"taskAttachedMessage\\\\\\\":{\\\\\\\"taskId\\\\\\\":\\\\\\\"8rfce0iy1km8\\\\\\\",\\\\\\\"url\\\\\\\":\\\\\\\"http://localhost:3000/cosine-stg/git2go/task/8rfce0iy1km8\\\\\\\"}}\\\\ndebug 2025/06/17 13:50:29 Received task attached message\\\\ndebug 2025/06/17 13:50:29 Sending message to readCh \\\\u0026{8rfce0iy1km8 http://localhost:3000/cosine-stg/git2go/task/8rfce0iy1km8}\\\\ndebug 2025/06/17 13:50:29 Task attached:  \\\\u0026{8rfce0iy1km8 http://localhost:3000/cosine-stg/git2go/task/8rfce0iy1km8}\\\\ndebug 2025/06/17 13:50:29 Create task response:  \\\\u0026{ http://localhost:3000/cosine-stg/git2go/task/8rfce0iy1km8}\\\\ndebug 2025/06/17 13:50:30 Received CLI command: {\\\\n  \\\\\\\"requestId\\\\\\\": \\\\\\\"5f3a1226-7123-412e-b327-ef83821ff035\\\\\\\",\\\\n  \\\\\\\"Payload\\\\\\\": {\\\\n    \\\\\\\"HeadAndBranchRequest\\\\\\\": {\\\\n      \\\\\\\"workspaceSessionId\\\\\\\": \\\\\\\"cli:744\\\\\\\"\\\\n    }\\\\n  }\\\\n}\\\\ndebug 2025/06/17 13:50:30 Received CLI command requestId:\\\\\\\"5f3a1226-7123-412e-b327-ef83821ff035\\\\\\\" head_and_branch_request:{workspaceSessionId:\\\\\\\"cli:744\\\\\\\"}\\\\ndebug 2025/06/17 13:50:30 Sending result: {\\\\n  \\\\\\\"requestId\\\\\\\": \\\\\\\"5f3a1226-7123-412e-b327-ef83821ff035\\\\\\\",\\\\n  \\\\\\\"Payload\\\\\\\": {\\\\n    \\\\\\\"HeadAndBranchResponse\\\\\\\": {\\\\n      \\\\\\\"head\\\\\\\": \\\\\\\"4b14d29c207e9969ea62a7fe07d490b036c14722\\\\\\\",\\\\n      \\\\\\\"branch\\\\\\\": \\\\\\\"HEAD\\\\\\\"\\\\n    }\\\\n  }\\\\n}\\\\ndebug 2025/06/17 13:50:30 Received CLI command: {\\\\n  \\\\\\\"requestId\\\\\\\": \\\\\\\"2a633907-e598-46b9-b95b-c91e186e0212\\\\\\\",\\\\n  \\\\\\\"Payload\\\\\\\": {\\\\n    \\\\\\\"DiffRequest\\\\\\\": {\\\\n      \\\\\\\"workspaceSessionId\\\\\\\": \\\\\\\"cli:744\\\\\\\",\\\\n      \\\\\\\"sourceSha\\\\\\\": \\\\\\\"4b14d29c207e9969ea62a7fe07d490b036c14722\\\\\\\",\\\\n      \\\\\\\"includeUntracked\\\\\\\": true\\\\n    }\\\\n  }\\\\n}\\\\ndebug 2025/06/17 13:50:30 Received CLI command requestId:\\\\\\\"2a633907-e598-46b9-b95b-c91e186e0212\\\\\\\" diff_request:{workspaceSessionId:\\\\\\\"cli:744\\\\\\\" sourceSha:\\\\\\\"4b14d29c207e9969ea62a7fe07d490b036c14722\\\\\\\" includeUntracked:true}\\\\ndebug 2025/06/17 13:50:30 Sending result: {\\\\n  \\\\\\\"requestId\\\\\\\": \\\\\\\"2a633907-e598-46b9-b95b-c91e186e0212\\\\\\\",\\\\n  \\\\\\\"Payload\\\\\\\": {\\\\n    \\\\\\\"DiffResponse\\\\\\\": {\\\\n      \\\\\\\"diff\\\\\\\": \\\\\\\"diff --git a/debug.log b/debug.log\\\\\\\\nnew file mode 100644\\\\\\\\nindex 0000000..fda468f\\\\\\\\n--- /dev/null\\\\\\\\n+++ b/debug.log\\\\\\\\n@@ -0,0 +1,56 @@\\\\\\\\n+debug 2025/06/17 13:50:04 Projects:  [{zhzf24w8jo86 git2go git2go Cosine cosine-stg true} {3a0kipihmuz6 cosine-monorepo cosine-monorepo Cosine cosine-stg false} {p0kel9d9u0g0 cosine-rl cosine-rl Cosine cosine-stg false} {jxtrljw9ugtq exo exo Cosine cosine-stg false} {dv5u2vgy2tsc experiments experiments Cosine cosine-stg false} {zpyq6g5i5rry genie-use genie-use Cosine cosine-stg false} {jv1ogp3k60pq nestjs-neo4j nestjs-neo4j Cosine cosine-stg false} {27e0n6esim25 next-js-saas-starter next-js-saas-starter Cosine cosine-stg false} {lxcet1afp6r8 swelancer-benchmark swelancer-benchmark Cosine cosine-stg false} {13xv5h1dh0lc swelancer-expensify-app swelancer-expensify-app Cosine cosine-stg false} {c4w4qrzzqhl5 vscode vscode Cosine cosine-stg false} {wpxyviz2zrp8 portfolio portfolio Cameron Nimmo qvzkuw5ud4dl false}]\\\\\\\\n+debug 2025/06/17 13:50:14 Starting serve command\\\\\\\\n+debug 2025/06/17 13:50:14 Received JSON message: {\\\\\\\\\\\\\\\"connectedMessage\\\\\\\\\\\\\\\":{\\\\\\\\\\\\\\\"cliSessionId\\\\\\\\\\\\\\\":\\\\\\\\\\\\\\\"67c8vgduzzty\\\\\\\\\\\\\\\",\\\\\\\\\\\\\\\"url\\\\\\\\\\\\\\\":\\\\\\\\\\\\\\\"localhost:3000\\\\\\\\\\\\\\\"}}\\\\\\\\n+debug 2025/06/17 13:50:14 Received connected message\\\\\\\\n+debug 2025/06/17 13:50:14 Sending message to readCh \\\\\\\\u0026{67c8vgduzzty localhost:3000}\\\\\\\\n+debug 2025/06/17 13:50:14 Connected:  \\\\\\\\u0026{67c8vgduzzty localhost:3000}\\\\\\\\n+debug 2025/06/17 13:50:28 Enter:  enter\\\\\\\\n+debug 2025/06/17 13:50:28 Received CLI command: {\\\\\\\\n+  \\\\\\\\\\\\\\\"requestId\\\\\\\\\\\\\\\": \\\\\\\\\\\\\\\"520a6629-3675-49da-84a4-d548dfbe6e2d\\\\\\\\\\\\\\\",\\\\\\\\n+  \\\\\\\\\\\\\\\"Payload\\\\\\\\\\\\\\\": {\\\\\\\\n+    \\\\\\\\\\\\\\\"CheckoutRequest\\\\\\\\\\\\\\\": {\\\\\\\\n+      \\\\\\\\\\\\\\\"sha\\\\\\\\\\\\\\\": \\\\\\\\\\\\\\\"4b14d29c207e9969ea62a7fe07d490b036c14722\\\\\\\\\\\\\\\"\\\\\\\\n+    }\\\\\\\\n+  }\\\\\\\\n+}\\\\\\\\n+debug 2025/06/17 13:50:28 Received CLI command requestId:\\\\\\\\\\\\\\\"520a6629-3675-49da-84a4-d548dfbe6e2d\\\\\\\\\\\\\\\" checkout_request:{sha:\\\\\\\\\\\\\\\"4b14d29c207e9969ea62a7fe07d490b036c14722\\\\\\\\\\\\\\\"}\\\\\\\\n+debug 2025/06/17 13:50:29 Sending result: {\\\\\\\\n+  \\\\\\\\\\\\\\\"requestId\\\\\\\\\\\\\\\": \\\\\\\\\\\\\\\"520a6629-3675-49da-84a4-d548dfbe6e2d\\\\\\\\\\\\\\\",\\\\\\\\n+  \\\\\\\\\\\\\\\"Payload\\\\\\\\\\\\\\\": {\\\\\\\\n+    \\\\\\\\\\\\\\\"CheckoutResponse\\\\\\\\\\\\\\\": {}\\\\\\\\n+  }\\\\\\\\n+}\\\\\\\\n+debug 2025/06/17 13:50:29 Received JSON message: {\\\\\\\\\\\\\\\"taskAttachedMessage\\\\\\\\\\\\\\\":{\\\\\\\\\\\\\\\"taskId\\\\\\\\\\\\\\\":\\\\\\\\\\\\\\\"8rfce0iy1km8\\\\\\\\\\\\\\\",\\\\\\\\\\\\\\\"url\\\\\\\\\\\\\\\":\\\\\\\\\\\\\\\"http://localhost:3000/cosine-stg/git2go/task/8rfce0iy1km8\\\\\\\\\\\\\\\"}}\\\\\\\\n+debug 2025/06/17 13:50:29 Received task attached message\\\\\\\\n+debug 2025/06/17 13:50:29 Sending message to readCh \\\\\\\\u0026{8rfce0iy1km8 http://localhost:3000/cosine-stg/git2go/task/8rfce0iy1km8}\\\\\\\\n+debug 2025/06/17 13:50:29 Task attached:  \\\\\\\\u0026{8rfce0iy1km8 http://localhost:3000/cosine-stg/git2go/task/8rfce0iy1km8}\\\\\\\\n+debug 2025/06/17 13:50:29 Create task response:  \\\\\\\\u0026{ http://localhost:3000/cosine-stg/git2go/task/8rfce0iy1km8}\\\\\\\\n+debug 2025/06/17 13:50:30 Received CLI command: {\\\\\\\\n+  \\\\\\\\\\\\\\\"requestId\\\\\\\\\\\\\\\": \\\\\\\\\\\\\\\"5f3a1226-7123-412e-b327-ef83821ff035\\\\\\\\\\\\\\\",\\\\\\\\n+  \\\\\\\\\\\\\\\"Payload\\\\\\\\\\\\\\\": {\\\\\\\\n+    \\\\\\\\\\\\\\\"HeadAndBranchRequest\\\\\\\\\\\\\\\": {\\\\\\\\n+      \\\\\\\\\\\\\\\"workspaceSessionId\\\\\\\\\\\\\\\": \\\\\\\\\\\\\\\"cli:744\\\\\\\\\\\\\\\"\\\\\\\\n+    }\\\\\\\\n+  }\\\\\\\\n+}\\\\\\\\n+debug 2025/06/17 13:50:30 Received CLI command requestId:\\\\\\\\\\\\\\\"5f3a1226-7123-412e-b327-ef83821ff035\\\\\\\\\\\\\\\" head_and_branch_request:{workspaceSessionId:\\\\\\\\\\\\\\\"cli:744\\\\\\\\\\\\\\\"}\\\\\\\\n+debug 2025/06/17 13:50:30 Sending result: {\\\\\\\\n+  \\\\\\\\\\\\\\\"requestId\\\\\\\\\\\\\\\": \\\\\\\\\\\\\\\"5f3a1226-7123-412e-b327-ef83821ff035\\\\\\\\\\\\\\\",\\\\\\\\n+  \\\\\\\\\\\\\\\"Payload\\\\\\\\\\\\\\\": {\\\\\\\\n+    \\\\\\\\\\\\\\\"HeadAndBranchResponse\\\\\\\\\\\\\\\": {\\\\\\\\n+      \\\\\\\\\\\\\\\"head\\\\\\\\\\\\\\\": \\\\\\\\\\\\\\\"4b14d29c207e9969ea62a7fe07d490b036c14722\\\\\\\\\\\\\\\",\\\\\\\\n+      \\\\\\\\\\\\\\\"branch\\\\\\\\\\\\\\\": \\\\\\\\\\\\\\\"HEAD\\\\\\\\\\\\\\\"\\\\\\\\n+    }\\\\\\\\n+  }\\\\\\\\n+}\\\\\\\\n+debug 2025/06/17 13:50:30 Received CLI command: {\\\\\\\\n+  \\\\\\\\\\\\\\\"requestId\\\\\\\\\\\\\\\": \\\\\\\\\\\\\\\"2a633907-e598-46b9-b95b-c91e186e0212\\\\\\\\\\\\\\\",\\\\\\\\n+  \\\\\\\\\\\\\\\"Payload\\\\\\\\\\\\\\\": {\\\\\\\\n+    \\\\\\\\\\\\\\\"DiffRequest\\\\\\\\\\\\\\\": {\\\\\\\\n+      \\\\\\\\\\\\\\\"workspaceSessionId\\\\\\\\\\\\\\\": \\\\\\\\\\\\\\\"cli:744\\\\\\\\\\\\\\\",\\\\\\\\n+      \\\\\\\\\\\\\\\"sourceSha\\\\\\\\\\\\\\\": \\\\\\\\\\\\\\\"4b14d29c207e9969ea62a7fe07d490b036c14722\\\\\\\\\\\\\\\",\\\\\\\\n+      \\\\\\\\\\\\\\\"includeUntracked\\\\\\\\\\\\\\\": true\\\\\\\\n+    }\\\\\\\\n+  }\\\\\\\\n+}\\\\\\\\n+debug 2025/06/17 13:50:30 Received CLI command requestId:\\\\\\\\\\\\\\\"2a633907-e598-46b9-b95b-c91e186e0212\\\\\\\\\\\\\\\" diff_request:{workspaceSessionId:\\\\\\\\\\\\\\\"cli:744\\\\\\\\\\\\\\\" sourceSha:\\\\\\\\\\\\\\\"4b14d29c207e9969ea62a7fe07d490b036c14722\\\\\\\\\\\\\\\" includeUntracked:true}\\\\\\\\n\\\\\\\"\\\\n    }\\\\n  }\\\\n}\\\\ndebug 2025/06/17 13:50:30 Received CLI command: {\\\\n  \\\\\\\"requestId\\\\\\\": \\\\\\\"c4eb71ce-3097-4039-a8f2-3440f3ca8cef\\\\\\\",\\\\n  \\\\\\\"Payload\\\\\\\": {\\\\n    \\\\\\\"DiffRequest\\\\\\\": {\\\\n      \\\\\\\"workspaceSessionId\\\\\\\": \\\\\\\"cli:744\\\\\\\",\\\\n      \\\\\\\"sourceSha\\\\\\\": \\\\\\\"HEAD\\\\\\\",\\\\n      \\\\\\\"includeUntracked\\\\\\\": true\\\\n    }\\\\n  }\\\\n}\\\\ndebug 2025/06/17 13:50:30 Received CLI command requestId:\\\\\\\"c4eb71ce-3097-4039-a8f2-3440f3ca8cef\\\\\\\" diff_request:{workspaceSessionId:\\\\\\\"cli:744\\\\\\\" sourceSha:\\\\\\\"HEAD\\\\\\\" includeUntracked:true}\\\\ndebug 2025/06/17 13:50:30 Sending result: {\\\\n  \\\\\\\"requestId\\\\\\\": \\\\\\\"c4eb71ce-3097-4039-a8f2-3440f3ca8cef\\\\\\\",\\\\n  \\\\\\\"Payload\\\\\\\": {\\\\n    \\\\\\\"DiffResponse\\\\\\\": {\\\\n      \\\\\\\"diff\\\\\\\": \\\\\\\"diff --git a/debug.log b/debug.log\\\\\\\\nnew file mode 100644\\\\\\\\nindex 0000000..46051fb\\\\\\\\n--- /dev/null\\\\\\\\n+++ b/debug.log\\\\\\\\n@@ -0,0 +1,75 @@\\\\\\\\n+debug 2025/06/17 13:50:04 Projects:  [{zhzf24w8jo86 git2go git2go Cosine cosine-stg true} {3a0kipihmuz6 cosine-monorepo cosine-monorepo Cosine cosine-stg false} {p0kel9d9u0g0 cosine-rl cosine-rl Cosine cosine-stg false} {jxtrljw9ugtq exo exo Cosine cosine-stg false} {dv5u2vgy2tsc experiments experiments Cosine cosine-stg false} {zpyq6g5i5rry genie-use genie-use Cosine cosine-stg false} {jv1ogp3k60pq nestjs-neo4j nestjs-neo4j Cosine cosine-stg false} {27e0n6esim25 next-js-saas-starter next-js-saas-starter Cosine cosine-stg false} {lxcet1afp6r8 swelancer-benchmark swelancer-benchmark Cosine cosine-stg false} {13xv5h1dh0lc swelancer-expensify-app swelancer-expensify-app Cosine cosine-stg false} {c4w4qrzzqhl5 vscode vscode Cosine cosine-stg false} {wpxyviz2zrp8 portfolio portfolio Cameron Nimmo qvzkuw5ud4dl false}]\\\\\\\\n+debug 2025/06/17 13:50:14 Starting serve command\\\\\\\\n+debug 2025/06/17 13:50:14 Received JSON message: {\\\\\\\\\\\\\\\"connectedMessage\\\\\\\\\\\\\\\":{\\\\\\\\\\\\\\\"cliSessionId\\\\\\\\\\\\\\\":\\\\\\\\\\\\\\\"67c8vgduzzty\\\\\\\\\\\\\\\",\\\\\\\\\\\\\\\"url\\\\\\\\\\\\\\\":\\\\\\\\\\\\\\\"localhost:3000\\\\\\\\\\\\\\\"}}\\\\\\\\n+debug 2025/06/17 13:50:14 Received connected message\\\\\\\\n+debug 2025/06/17 13:50:14 Sending message to readCh \\\\\\\\u0026{67c8vgduzzty localhost:3000}\\\\\\\\n+debug 2025/06/17 13:50:14 Connected:  \\\\\\\\u0026{67c8vgduzzty localhost:3000}\\\\\\\\n+debug 2025/06/17 13:50:28 Enter:  enter\\\\\\\\n+debug 2025/06/17 13:50:28 Received CLI command: {\\\\\\\\n+  \\\\\\\\\\\\\\\"requestId\\\\\\\\\\\\\\\": \\\\\\\\\\\\\\\"520a6629-3675-49da-84a4-d548dfbe6e2d\\\\\\\\\\\\\\\",\\\\\\\\n+  \\\\\\\\\\\\\\\"Payload\\\\\\\\\\\\\\\": {\\\\\\\\n+    \\\\\\\\\\\\\\\"CheckoutRequest\\\\\\\\\\\\\\\": {\\\\\\\\n+      \\\\\\\\\\\\\\\"sha\\\\\\\\\\\\\\\": \\\\\\\\\\\\\\\"4b14d29c207e9969ea62a7fe07d490b036c14722\\\\\\\\\\\\\\\"\\\\\\\\n+    }\\\\\\\\n+  }\\\\\\\\n+}\\\\\\\\n+debug 2025/06/17 13:50:28 Received CLI command requestId:\\\\\\\\\\\\\\\"520a6629-3675-49da-84a4-d548dfbe6e2d\\\\\\\\\\\\\\\" checkout_request:{sha:\\\\\\\\\\\\\\\"4b14d29c207e9969ea62a7fe07d490b036c14722\\\\\\\\\\\\\\\"}\\\\\\\\n+debug 2025/06/17 13:50:29 Sending result: {\\\\\\\\n+  \\\\\\\\\\\\\\\"requestId\\\\\\\\\\\\\\\": \\\\\\\\\\\\\\\"520a6629-3675-49da-84a4-d548dfbe6e2d\\\\\\\\\\\\\\\",\\\\\\\\n+  \\\\\\\\\\\\\\\"Payload\\\\\\\\\\\\\\\": {\\\\\\\\n+    \\\\\\\\\\\\\\\"CheckoutResponse\\\\\\\\\\\\\\\": {}\\\\\\\\n+  }\\\\\\\\n+}\\\\\\\\n+debug 2025/06/17 13:50:29 Received JSON message: {\\\\\\\\\\\\\\\"taskAttachedMessage\\\\\\\\\\\\\\\":{\\\\\\\\\\\\\\\"taskId\\\\\\\\\\\\\\\":\\\\\\\\\\\\\\\"8rfce0iy1km8\\\\\\\\\\\\\\\",\\\\\\\\\\\\\\\"url\\\\\\\\\\\\\\\":\\\\\\\\\\\\\\\"http://localhost:3000/cosine-stg/git2go/task/8rfce0iy1km8\\\\\\\\\\\\\\\"}}\\\\\\\\n+debug 2025/06/17 13:50:29 Received task attached message\\\\\\\\n+debug 2025/06/17 13:50:29 Sending message to readCh \\\\\\\\u0026{8rfce0iy1km8 http://localhost:3000/cosine-stg/git2go/task/8rfce0iy1km8}\\\\\\\\n+debug 2025/06/17 13:50:29 Task attached:  \\\\\\\\u0026{8rfce0iy1km8 http://localhost:3000/cosine-stg/git2go/task/8rfce0iy1km8}\\\\\\\\n+debug 2025/06/17 13:50:29 Create task response:  \\\\\\\\u0026{ http://localhost:3000/cosine-stg/git2go/task/8rfce0iy1km8}\\\\\\\\n+debug 2025/06/17 13:50:30 Received CLI command: {\\\\\\\\n+  \\\\\\\\\\\\\\\"requestId\\\\\\\\\\\\\\\": \\\\\\\\\\\\\\\"5f3a1226-7123-412e-b327-ef83821ff035\\\\\\\\\\\\\\\",\\\\\\\\n+  \\\\\\\\\\\\\\\"Payload\\\\\\\\\\\\\\\": {\\\\\\\\n+    \\\\\\\\\\\\\\\"HeadAndBranchRequest\\\\\\\\\\\\\\\": {\\\\\\\\n+      \\\\\\\\\\\\\\\"workspaceSessionId\\\\\\\\\\\\\\\": \\\\\\\\\\\\\\\"cli:744\\\\\\\\\\\\\\\"\\\\\\\\n+    }\\\\\\\\n+  }\\\\\\\\n+}\\\\\\\\n+debug 2025/06/17 13:50:30 Received CLI command requestId:\\\\\\\\\\\\\\\"5f3a1226-7123-412e-b327-ef83821ff035\\\\\\\\\\\\\\\" head_and_branch_request:{workspaceSessionId:\\\\\\\\\\\\\\\"cli:744\\\\\\\\\\\\\\\"}\\\\\\\\n+debug 2025/06/17 13:50:30 Sending result: {\\\\\\\\n+  \\\\\\\\\\\\\\\"requestId\\\\\\\\\\\\\\\": \\\\\\\\\\\\\\\"5f3a1226-7123-412e-b327-ef83821ff035\\\\\\\\\\\\\\\",\\\\\\\\n+  \\\\\\\\\\\\\\\"Payload\\\\\\\\\\\\\\\": {\\\\\\\\n+    \\\\\\\\\\\\\\\"HeadAndBranchResponse\\\\\\\\\\\\\\\": {\\\\\\\\n+      \\\\\\\\\\\\\\\"head\\\\\\\\\\\\\\\": \\\\\\\\\\\\\\\"4b14d29c207e9969ea62a7fe07d490b036c14722\\\\\\\\\\\\\\\",\\\\\\\\n+      \\\\\\\\\\\\\\\"branch\\\\\\\\\\\\\\\": \\\\\\\\\\\\\\\"HEAD\\\\\\\\\\\\\\\"\\\\\\\\n+    }\\\\\\\\n+  }\\\\\\\\n+}\\\\\\\\n+debug 2025/06/17 13:50:30 Received CLI command: {\\\\\\\\n+  \\\\\\\\\\\\\\\"requestId\\\\\\\\\\\\\\\": \\\\\\\\\\\\\\\"2a633907-e598-46b9-b95b-c91e186e0212\\\\\\\\\\\\\\\",\\\\\\\\n+  \\\\\\\\\\\\\\\"Payload\\\\\\\\\\\\\\\": {\\\\\\\\n+    \\\\\\\\\\\\\\\"DiffRequest\\\\\\\\\\\\\\\": {\\\\\\\\n+      \\\\\\\\\\\\\\\"workspaceSessionId\\\\\\\\\\\\\\\": \\\\\\\\\\\\\\\"cli:744\\\\\\\\\\\\\\\",\\\\\\\\n+      \\\\\\\\\\\\\\\"sourceSha\\\\\\\\\\\\\\\": \\\\\\\\\\\\\\\"4b14d29c207e9969ea62a7fe07d490b036c14722\\\\\\\\\\\\\\\",\\\\\\\\n+      \\\\\\\\\\\\\\\"includeUntracked\\\\\\\\\\\\\\\": true\\\\\\\\n+    }\\\\\\\\n+  }\\\\\\\\n+}\\\\\\\\n+debug 2025/06/17 13:50:30 Received CLI command requestId:\\\\\\\\\\\\\\\"2a633907-e598-46b9-b95b-c91e186e0212\\\\\\\\\\\\\\\" diff_request:{workspaceSessionId:\\\\\\\\\\\\\\\"cli:744\\\\\\\\\\\\\\\" sourceSha:\\\\\\\\\\\\\\\"4b14d29c207e9969ea62a7fe07d490b036c14722\\\\\\\\\\\\\\\" includeUntracked:true}\\\\\\\\n+debug 2025/06/17 13:50:30 Sending result: {\\\\\\\\n+  \\\\\\\\\\\\\\\"requestId\\\\\\\\\\\\\\\": \\\\\\\\\\\\\\\"2a633907-e598-46b9-b95b-c91e186e0212\\\\\\\\\\\\\\\",\\\\\\\\n+  \\\\\\\\\\\\\\\"Payload\\\\\\\\\\\\\\\": {\\\\\\\\n+    \\\\\\\\\\\\\\\"DiffResponse\\\\\\\\\\\\\\\": {\\\\\\\\n+      \\\\\\\\\\\\\\\"diff\\\\\\\\\\\\\\\": \\\\\\\\\\\\\\\"diff --git a/debug.log b/debug.log\\\\\\\\\\\\\\\\nnew file mode 100644\\\\\\\\\\\\\\\\nindex 0000000..fda468f\\\\\\\\\\\\\\\\n--- /dev/null\\\\\\\\\\\\\\\\n+++ b/debug.log\\\\\\\\\\\\\\\\n@@ -0,0 +1,56 @@\\\\\\\\\\\\\\\\n+debug 2025/06/17 13:50:04 Projects:  [{zhzf24w8jo86 git2go git2go Cosine cosine-stg true} {3a0kipihmuz6 cosine-monorepo cosine-monorepo Cosine cosine-stg false} {p0kel9d9u0g0 cosine-rl cosine-rl Cosine cosine-stg false} {jxtrljw9ugtq exo exo Cosine cosine-stg false} {dv5u2vgy2tsc experiments experiments Cosine cosine-stg false} {zpyq6g5i5rry genie-use genie-use Cosine cosine-stg false} {jv1ogp3k60pq nestjs-neo4j nestjs-neo4j Cosine cosine-stg false} {27e0n6esim25 next-js-saas-starter next-js-saas-starter Cosine cosine-stg false} {lxcet1afp6r8 swelancer-benchmark swelancer-benchmark Cosine cosine-stg false} {13xv5h1dh0lc swelancer-expensify-app swelancer-expensify-app Cosine cosine-stg false} {c4w4qrzzqhl5 vscode vscode Cosine cosine-stg false} {wpxyviz2zrp8 portfolio portfolio Cameron Nimmo qvzkuw5ud4dl false}]\\\\\\\\\\\\\\\\n+debug 2025/06/17 13:50:14 Starting serve command\\\\\\\\\\\\\\\\n+debug 2025/06/17 13:50:14 Received JSON message: {\\\\\\\\\\\\\\\\\\\\\\\\\\\\\\\"connectedMessage\\\\\\\\\\\\\\\\\\\\\\\\\\\\\\\":{\\\\\\\\\\\\\\\\\\\\\\\\\\\\\\\"cliSessionId\\\\\\\\\\\\\\\\\\\\\\\\\\\\\\\":\\\\\\\\\\\\\\\\\\\\\\\\\\\\\\\"67c8vgduzzty\\\\\\\\\\\\\\\\\\\\\\\\\\\\\\\",\\\\\\\\\\\\\\\\\\\\\\\\\\\\\\\"url\\\\\\\\\\\\\\\\\\\\\\\\\\\\\\\":\\\\\\\\\\\\\\\\\\\\\\\\\\\\\\\"localhost:3000\\\\\\\\\\\\\\\\\\\\\\\\\\\\\\\"}}\\\\\\\\\\\\\\\\n+debug 2025/06/17 13:50:14 Received connected message\\\\\\\\\\\\\\\\n+debug 2025/06/17 13:50:14 Sending message to readCh \\\\\\\\\\\\\\\\u0026{67c8vgduzzty localhost:3000}\\\\\\\\\\\\\\\\n+debug 2025/06/17 13:50:14 Connected:  \\\\\\\\\\\\\\\\u0026{67c8vgduzzty localhost:3000}\\\\\\\\\\\\\\\\n+debug 2025/06/17 13:50:28 Enter:  enter\\\\\\\\\\\\\\\\n+debug 2025/06/17 13:50:28 Received CLI command: {\\\\\\\\\\\\\\\\n+  \\\\\\\\\\\\\\\\\\\\\\\\\\\\\\\"requestId\\\\\\\\\\\\\\\\\\\\\\\\\\\\\\\": \\\\\\\\\\\\\\\\\\\\\\\\\\\\\\\"520a6629-3675-49da-84a4-d548dfbe6e2d\\\\\\\\\\\\\\\\\\\\\\\\\\\\\\\",\\\\\\\\\\\\\\\\n+  \\\\\\\\\\\\\\\\\\\\\\\\\\\\\\\"Payload\\\\\\\\\\\\\\\\\\\\\\\\\\\\\\\": {\\\\\\\\\\\\\\\\n+    \\\\\\\\\\\\\\\\\\\\\\\\\\\\\\\"CheckoutRequest\\\\\\\\\\\\\\\\\\\\\\\\\\\\\\\": {\\\\\\\\\\\\\\\\n+      \\\\\\\\\\\\\\\\\\\\\\\\\\\\\\\"sha\\\\\\\\\\\\\\\\\\\\\\\\\\\\\\\": \\\\\\\\\\\\\\\\\\\\\\\\\\\\\\\"4b14d29c207e9969ea62a7fe07d490b036c14722\\\\\\\\\\\\\\\\\\\\\\\\\\\\\\\"\\\\\\\\\\\\\\\\n+    }\\\\\\\\\\\\\\\\n+  }\\\\\\\\\\\\\\\\n+}\\\\\\\\\\\\\\\\n+debug 2025/06/17 13:50:28 Received CLI command requestId:\\\\\\\\\\\\\\\\\\\\\\\\\\\\\\\"520a6629-3675-49da-84a4-d548dfbe6e2d\\\\\\\\\\\\\\\\\\\\\\\\\\\\\\\" checkout_request:{sha:\\\\\\\\\\\\\\\\\\\\\\\\\\\\\\\"4b14d29c207e9969ea62a7fe07d490b036c14722\\\\\\\\\\\\\\\\\\\\\\\\\\\\\\\"}\\\\\\\\\\\\\\\\n+debug 2025/06/17 13:50:29 Sending result: {\\\\\\\\\\\\\\\\n+  \\\\\\\\\\\\\\\\\\\\\\\\\\\\\\\"requestId\\\\\\\\\\\\\\\\\\\\\\\\\\\\\\\": \\\\\\\\\\\\\\\\\\\\\\\\\\\\\\\"520a6629-3675-49da-84a4-d548dfbe6e2d\\\\\\\\\\\\\\\\\\\\\\\\\\\\\\\",\\\\\\\\\\\\\\\\n+  \\\\\\\\\\\\\\\\\\\\\\\\\\\\\\\"Payload\\\\\\\\\\\\\\\\\\\\\\\\\\\\\\\": {\\\\\\\\\\\\\\\\n+    \\\\\\\\\\\\\\\\\\\\\\\\\\\\\\\"CheckoutResponse\\\\\\\\\\\\\\\\\\\\\\\\\\\\\\\": {}\\\\\\\\\\\\\\\\n+  }\\\\\\\\\\\\\\\\n+}\\\\\\\\\\\\\\\\n+debug 2025/06/17 13:50:29 Received JSON message: {\\\\\\\\\\\\\\\\\\\\\\\\\\\\\\\"taskAttachedMessage\\\\\\\\\\\\\\\\\\\\\\\\\\\\\\\":{\\\\\\\\\\\\\\\\\\\\\\\\\\\\\\\"taskId\\\\\\\\\\\\\\\\\\\\\\\\\\\\\\\":\\\\\\\\\\\\\\\\\\\\\\\\\\\\\\\"8rfce0iy1km8\\\\\\\\\\\\\\\\\\\\\\\\\\\\\\\",\\\\\\\\\\\\\\\\\\\\\\\\\\\\\\\"url\\\\\\\\\\\\\\\\\\\\\\\\\\\\\\\":\\\\\\\\\\\\\\\\\\\\\\\\\\\\\\\"http://localhost:3000/cosine-stg/git2go/task/8rfce0iy1km8\\\\\\\\\\\\\\\\\\\\\\\\\\\\\\\"}}\\\\\\\\\\\\\\\\n+debug 2025/06/17 13:50:29 Received task attached message\\\\\\\\\\\\\\\\n+debug 2025/06/17 13:50:29 Sending message to readCh \\\\\\\\\\\\\\\\u0026{8rfce0iy1km8 http://localhost:3000/cosine-stg/git2go/task/8rfce0iy1km8}\\\\\\\\\\\\\\\\n+debug 2025/06/17 13:50:29 Task attached:  \\\\\\\\\\\\\\\\u0026{8rfce0iy1km8 http://localhost:3000/cosine-stg/git2go/task/8rfce0iy1km8}\\\\\\\\\\\\\\\\n+debug 2025/06/17 13:50:29 Create task response:  \\\\\\\\\\\\\\\\u0026{ http://localhost:3000/cosine-stg/git2go/task/8rfce0iy1km8}\\\\\\\\\\\\\\\\n+debug 2025/06/17 13:50:30 Received CLI command: {\\\\\\\\\\\\\\\\n+  \\\\\\\\\\\\\\\\\\\\\\\\\\\\\\\"requestId\\\\\\\\\\\\\\\\\\\\\\\\\\\\\\\": \\\\\\\\\\\\\\\\\\\\\\\\\\\\\\\"5f3a1226-7123-412e-b327-ef83821ff035\\\\\\\\\\\\\\\\\\\\\\\\\\\\\\\",\\\\\\\\\\\\\\\\n+  \\\\\\\\\\\\\\\\\\\\\\\\\\\\\\\"Payload\\\\\\\\\\\\\\\\\\\\\\\\\\\\\\\": {\\\\\\\\\\\\\\\\n+    \\\\\\\\\\\\\\\\\\\\\\\\\\\\\\\"HeadAndBranchRequest\\\\\\\\\\\\\\\\\\\\\\\\\\\\\\\": {\\\\\\\\\\\\\\\\n+      \\\\\\\\\\\\\\\\\\\\\\\\\\\\\\\"workspaceSessionId\\\\\\\\\\\\\\\\\\\\\\\\\\\\\\\": \\\\\\\\\\\\\\\\\\\\\\\\\\\\\\\"cli:744\\\\\\\\\\\\\\\\\\\\\\\\\\\\\\\"\\\\\\\\\\\\\\\\n+    }\\\\\\\\\\\\\\\\n+  }\\\\\\\\\\\\\\\\n+}\\\\\\\\\\\\\\\\n+debug 2025/06/17 13:50:30 Received CLI command requestId:\\\\\\\\\\\\\\\\\\\\\\\\\\\\\\\"5f3a1226-7123-412e-b327-ef83821ff035\\\\\\\\\\\\\\\\\\\\\\\\\\\\\\\" head_and_branch_request:{workspaceSessionId:\\\\\\\\\\\\\\\\\\\\\\\\\\\\\\\"cli:744\\\\\\\\\\\\\\\\\\\\\\\\\\\\\\\"}\\\\\\\\\\\\\\\\n+debug 2025/06/17 13:50:30 Sending result: {\\\\\\\\\\\\\\\\n+  \\\\\\\\\\\\\\\\\\\\\\\\\\\\\\\"requestId\\\\\\\\\\\\\\\\\\\\\\\\\\\\\\\": \\\\\\\\\\\\\\\\\\\\\\\\\\\\\\\"5f3a1226-7123-412e-b327-ef83821ff035\\\\\\\\\\\\\\\\\\\\\\\\\\\\\\\",\\\\\\\\\\\\\\\\n+  \\\\\\\\\\\\\\\\\\\\\\\\\\\\\\\"Payload\\\\\\\\\\\\\\\\\\\\\\\\\\\\\\\": {\\\\\\\\\\\\\\\\n+    \\\\\\\\\\\\\\\\\\\\\\\\\\\\\\\"HeadAndBranchResponse\\\\\\\\\\\\\\\\\\\\\\\\\\\\\\\": {\\\\\\\\\\\\\\\\n+      \\\\\\\\\\\\\\\\\\\\\\\\\\\\\\\"head\\\\\\\\\\\\\\\\\\\\\\\\\\\\\\\": \\\\\\\\\\\\\\\\\\\\\\\\\\\\\\\"4b14d29c207e9969ea62a7fe07d490b036c14722\\\\\\\\\\\\\\\\\\\\\\\\\\\\\\\",\\\\\\\\\\\\\\\\n+      \\\\\\\\\\\\\\\\\\\\\\\\\\\\\\\"branch\\\\\\\\\\\\\\\\\\\\\\\\\\\\\\\": \\\\\\\\\\\\\\\\\\\\\\\\\\\\\\\"HEAD\\\\\\\\\\\\\\\\\\\\\\\\\\\\\\\"\\\\\\\\\\\\\\\\n+    }\\\\\\\\\\\\\\\\n+  }\\\\\\\\\\\\\\\\n+}\\\\\\\\\\\\\\\\n+debug 2025/06/17 13:50:30 Received CLI command: {\\\\\\\\\\\\\\\\n+  \\\\\\\\\\\\\\\\\\\\\\\\\\\\\\\"requestId\\\\\\\\\\\\\\\\\\\\\\\\\\\\\\\": \\\\\\\\\\\\\\\\\\\\\\\\\\\\\\\"2a633907-e598-46b9-b95b-c91e186e0212\\\\\\\\\\\\\\\\\\\\\\\\\\\\\\\",\\\\\\\\\\\\\\\\n+  \\\\\\\\\\\\\\\\\\\\\\\\\\\\\\\"Payload\\\\\\\\\\\\\\\\\\\\\\\\\\\\\\\": {\\\\\\\\\\\\\\\\n+    \\\\\\\\\\\\\\\\\\\\\\\\\\\\\\\"DiffRequest\\\\\\\\\\\\\\\\\\\\\\\\\\\\\\\": {\\\\\\\\\\\\\\\\n+      \\\\\\\\\\\\\\\\\\\\\\\\\\\\\\\"workspaceSessionId\\\\\\\\\\\\\\\\\\\\\\\\\\\\\\\": \\\\\\\\\\\\\\\\\\\\\\\\\\\\\\\"cli:744\\\\\\\\\\\\\\\\\\\\\\\\\\\\\\\",\\\\\\\\\\\\\\\\n+      \\\\\\\\\\\\\\\\\\\\\\\\\\\\\\\"sourceSha\\\\\\\\\\\\\\\\\\\\\\\\\\\\\\\": \\\\\\\\\\\\\\\\\\\\\\\\\\\\\\\"4b14d29c207e9969ea62a7fe07d490b036c14722\\\\\\\\\\\\\\\\\\\\\\\\\\\\\\\",\\\\\\\\\\\\\\\\n+      \\\\\\\\\\\\\\\\\\\\\\\\\\\\\\\"includeUntracked\\\\\\\\\\\\\\\\\\\\\\\\\\\\\\\": true\\\\\\\\\\\\\\\\n+    }\\\\\\\\\\\\\\\\n+  }\\\\\\\\\\\\\\\\n+}\\\\\\\\\\\\\\\\n+debug 2025/06/17 13:50:30 Received CLI command requestId:\\\\\\\\\\\\\\\\\\\\\\\\\\\\\\\"2a633907-e598-46b9-b95b-c91e186e0212\\\\\\\\\\\\\\\\\\\\\\\\\\\\\\\" diff_request:{workspaceSessionId:\\\\\\\\\\\\\\\\\\\\\\\\\\\\\\\"cli:744\\\\\\\\\\\\\\\\\\\\\\\\\\\\\\\" sourceSha:\\\\\\\\\\\\\\\\\\\\\\\\\\\\\\\"4b14d29c207e9969ea62a7fe07d490b036c14722\\\\\\\\\\\\\\\\\\\\\\\\\\\\\\\" includeUntracked:true}\\\\\\\\\\\\\\\\n\\\\\\\\\\\\\\\"\\\\\\\\n+    }\\\\\\\\n+  }\\\\\\\\n+}\\\\\\\\n+debug 2025/06/17 13:50:30 Received CLI command: {\\\\\\\\n+  \\\\\\\\\\\\\\\"requestId\\\\\\\\\\\\\\\": \\\\\\\\\\\\\\\"c4eb71ce-3097-4039-a8f2-3440f3ca8cef\\\\\\\\\\\\\\\",\\\\\\\\n+  \\\\\\\\\\\\\\\"Payload\\\\\\\\\\\\\\\": {\\\\\\\\n+    \\\\\\\\\\\\\\\"DiffRequest\\\\\\\\\\\\\\\": {\\\\\\\\n+      \\\\\\\\\\\\\\\"workspaceSessionId\\\\\\\\\\\\\\\": \\\\\\\\\\\\\\\"cli:744\\\\\\\\\\\\\\\",\\\\\\\\n+      \\\\\\\\\\\\\\\"sourceSha\\\\\\\\\\\\\\\": \\\\\\\\\\\\\\\"HEAD\\\\\\\\\\\\\\\",\\\\\\\\n+      \\\\\\\\\\\\\\\"includeUntracked\\\\\\\\\\\\\\\": true\\\\\\\\n+    }\\\\\\\\n+  }\\\\\\\\n+}\\\\\\\\n+debug 2025/06/17 13:50:30 Received CLI command requestId:\\\\\\\\\\\\\\\"c4eb71ce-3097-4039-a8f2-3440f3ca8cef\\\\\\\\\\\\\\\" diff_request:{workspaceSessionId:\\\\\\\\\\\\\\\"cli:744\\\\\\\\\\\\\\\" sourceSha:\\\\\\\\\\\\\\\"HEAD\\\\\\\\\\\\\\\" includeUntracked:true}\\\\\\\\n\\\\\\\"\\\\n    }\\\\n  }\\\\n}\\\\ndebug 2025/06/17 13:50:30 Received CLI command: {\\\\n  \\\\\\\"requestId\\\\\\\": \\\\\\\"3bc69592-3114-4660-b556-584c3b44b21e\\\\\\\",\\\\n  \\\\\\\"Payload\\\\\\\": {\\\\n    \\\\\\\"TreeV2Request\\\\\\\": {\\\\n      \\\\\\\"workspaceSessionId\\\\\\\": \\\\\\\"cli:744\\\\\\\",\\\\n      \\\\\\\"format\\\\\\\": 1,\\\\n      \\\\\\\"maxDepth\\\\\\\": 1\\\\n    }\\\\n  }\\\\n}\\\\ndebug 2025/06/17 13:50:30 Received CLI command requestId:\\\\\\\"3bc69592-3114-4660-b556-584c3b44b21e\\\\\\\" tree_v2_request:{workspaceSessionId:\\\\\\\"cli:744\\\\\\\" format:STRING maxDepth:1}\\\\ndebug 2025/06/17 13:50:30 Sending result: {\\\\n  \\\\\\\"requestId\\\\\\\": \\\\\\\"3bc69592-3114-4660-b556-584c3b44b21e\\\\\\\",\\\\n  \\\\\\\"Payload\\\\\\\": {\\\\n    \\\\\\\"TreeV2Response\\\\\\\": {\\\\n      \\\\\\\"file\\\\\\\": [\\\\n        \\\\\\\" Build_bundled_static.go\\\\\\\\n Build_system_dynamic.go\\\\\\\\n Build_system_static.go\\\\\\\\n Makefile\\\\\\\\n README.md\\\\\\\\n blame.go\\\\\\\\n blame_test.go\\\\\\\\n blob.go\\\\\\\\n blob_test.go\\\\\\\\n branch.go\\\\\\\\n branch_test.go\\\\\\\\n checkout.go\\\\\\\\n cherrypick.go\\\\\\\\n cherrypick_test.go\\\\\\\\n clone.go\\\\\\\\n clone_test.go\\\\\\\\n commit.go\\\\\\\\n config.go\\\\\\\\n config_test.go\\\\\\\\n credentials.go\\\\\\\\n delta_string.go\\\\\\\\n deprecated.go\\\\\\\\n describe.go\\\\\\\\n describe_test.go\\\\\\\\n diff.go\\\\\\\\n diff_test.go\\\\\\\\n difflinetype_string.go\\\\\\\\n errorclass_string.go\\\\\\\\n errorcode_string.go\\\\\\\\n features.go\\\\\\\\n git.go\\\\\\\\n git_test.go\\\\\\\\n graph.go\\\\\\\\n graph_test.go\\\\\\\\n handles.go\\\\\\\\n http.go\\\\\\\\n ignore.go\\\\\\\\n index.go\\\\\\\\n index_test.go\\\\\\\\n indexer.go\\\\\\\\n indexer_test.go\\\\\\\\n mempack.go\\\\\\\\n mempack_test.go\\\\\\\\n merge.go\\\\\\\\n merge_test.go\\\\\\\\n message.go\\\\\\\\n message_test.go\\\\\\\\n note.go\\\\\\\\n note_test.go\\\\\\\\n object.go\\\\\\\\n object_test.go\\\\\\\\n odb.go\\\\\\\\n odb_test.go\\\\\\\\n packbuilder.go\\\\\\\\n patch.go\\\\\\\\n patch_test.go\\\\\\\\n push_test.go\\\\\\\\n rebase.go\\\\\\\\n rebase_test.go\\\\\\\\n refdb.go\\\\\\\\n reference.go\\\\\\\\n reference_test.go\\\\\\\\n refspec.go\\\\\\\\n refspec_test.go\\\\\\\\n remote.go\\\\\\\\n remote_test.go\\\\\\\\n repository.go\\\\\\\\n repository_test.go\\\\\\\\n reset.go\\\\\\\\n reset_test.go\\\\\\\\n revert.go\\\\\\\\n revert_test.go\\\\\\\\n revparse.go\\\\\\\\n revparse_test.go\\\\\\\\n script/\\\\\\\\n settings.go\\\\\\\\n settings_test.go\\\\\\\\n signature.go\\\\\\\\n ssh.go\\\\\\\\n stash.go\\\\\\\\n stash_test.go\\\\\\\\n status.go\\\\\\\\n status_test.go\\\\\\\\n submodule.go\\\\\\\\n submodule_test.go\\\\\\\\n tag.go\\\\\\\\n tag_test.go\\\\\\\\n testdata/\\\\\\\\n transport.go\\\\\\\\n transport_test.go\\\\\\\\n tree.go\\\\\\\\n tree_test.go\\\\\\\\n vendor/\\\\\\\\n walk.go\\\\\\\\n wrapper.c\\\\\\\\n\\\\\\\"\\\\n      ],\\\\n      \\\\\\\"count\\\\\\\": 96\\\\n    }\\\\n  }\\\\n}\\\\ndebug 2025/06/17 13:50:30 Received CLI command: {\\\\n  \\\\\\\"requestId\\\\\\\": \\\\\\\"b41bdc98-23a6-4e33-94b7-c4a33a5f09c4\\\\\\\",\\\\n  \\\\\\\"Payload\\\\\\\": {\\\\n    \\\\\\\"FileRequest\\\\\\\": {\\\\n      \\\\\\\"workspaceSessionId\\\\\\\": \\\\\\\"cli:744\\\\\\\",\\\\n      \\\\\\\"file\\\\\\\": \\\\\\\"debug.log\\\\\\\"\\\\n    }\\\\n  }\\\\n}\\\\ndebug 2025/06/17 13:50:30 Received CLI command requestId:\\\\\\\"b41bdc98-23a6-4e33-94b7-c4a33a5f09c4\\\\\\\" file_request:{workspaceSessionId:\\\\\\\"cli:744\\\\\\\" file:\\\\\\\"debug.log\\\\\\\"}\\\\n\\\"\\n+      }\\n+    }\\n+  }\\n+}\\n+debug 2025/06/17 13:50:30 Received CLI command: {\\n+  \\\"requestId\\\": \\\"e847d33a-3fbe-4f3f-984c-daf9e7ab1f74\\\",\\n+  \\\"Payload\\\": {\\n+    \\\"TreeV2Request\\\": {\\n+      \\\"workspaceSessionId\\\": \\\"cli:744\\\",\\n+      \\\"format\\\": 1,\\n+      \\\"maxDepth\\\": 1,\\n+      \\\"filePath\\\": \\\"debug.log\\\"\\n+    }\\n+  }\\n+}\\n+debug 2025/06/17 13:50:30 Received CLI command requestId:\\\"e847d33a-3fbe-4f3f-984c-daf9e7ab1f74\\\" tree_v2_request:{workspaceSessionId:\\\"cli:744\\\" format:STRING maxDepth:1 filePath:\\\"debug.log\\\"}\\n+debug 2025/06/17 13:50:30 Generating partial tree list for [debug.log] with rootdir /Users/cameron/Documents/git2go\\n+debug 2025/06/17 13:50:30 Generating partial tree for debug.log with rootdir /Users/cameron/Documents/git2go\\n+debug 2025/06/17 13:50:30 Generating partial tree list for [debug.log] with rootdir /Users/cameron/Documents/git2go\\n+debug 2025/06/17 13:50:30 Sending result: {\\n+  \\\"requestId\\\": \\\"e847d33a-3fbe-4f3f-984c-daf9e7ab1f74\\\",\\n+  \\\"Payload\\\": {\\n+    \\\"TreeV2Response\\\": {\\n+      \\\"file\\\": [\\n+        \\\"         debug.log\\\\n         .git/\\\\n         .github/\\\\n         .gitignore\\\\n         .gitmodules\\\\n         Build_bundled_static.go\\\\n         Build_system_dynamic.go\\\\n         Build_system_static.go\\\\n         LICENSE\\\\n         Makefile\\\\n         README.md\\\\n         blame.go\\\\n         blame_test.go\\\\n         blob.go\\\\n         blob_test.go\\\\n         branch.go\\\\n         branch_test.go\\\\n         checkout.go\\\\n         cherrypick.go\\\\n         cherrypick_test.go\\\\n         clone.go\\\\n         clone_test.go\\\\n         commit.go\\\\n         config.go\\\\n         config_test.go\\\\n         credentials.go\\\\n         delta_string.go\\\\n         deprecated.go\\\\n         describe.go\\\\n         describe_test.go\\\\n         diff.go\\\\n         diff_test.go\\\\n         difflinetype_string.go\\\\n         errorclass_string.go\\\\n         errorcode_string.go\\\\n         features.go\\\\n         git.go\\\\n         git_test.go\\\\n         go.mod\\\\n         go.sum\\\\n         graph.go\\\\n         graph_test.go\\\\n         handles.go\\\\n         http.go\\\\n         ignore.go\\\\n         index.go\\\\n         index_test.go\\\\n         indexer.go\\\\n         indexer_test.go\\\\n         mempack.go\\\\n         mempack_test.go\\\\n         merge.go\\\\n         merge_test.go\\\\n         message.go\\\\n         message_test.go\\\\n         note.go\\\\n         note_test.go\\\\n         object.go\\\\n         object_test.go\\\\n         odb.go\\\\n         odb_test.go\\\\n         packbuilder.go\\\\n         patch.go\\\\n         patch_test.go\\\\n         push_test.go\\\\n         rebase.go\\\\n         rebase_test.go\\\\n         refdb.go\\\\n         reference.go\\\\n         reference_test.go\\\\n         refspec.go\\\\n         refspec_test.go\\\\n         remote.go\\\\n         remote_test.go\\\\n         repository.go\\\\n         repository_test.go\\\\n         reset.go\\\\n         reset_test.go\\\\n         revert.go\\\\n         revert_test.go\\\\n         revparse.go\\\\n         revparse_test.go\\\\n         script/\\\\n         settings.go\\\\n         settings_test.go\\\\n         signature.go\\\\n         ssh.go\\\\n         stash.go\\\\n         stash_test.go\\\\n         status.go\\\\n         status_test.go\\\\n         submodule.go\\\\n         submodule_test.go\\\\n         tag.go\\\\n         tag_test.go\\\\n         testdata/\\\\n         transport.go\\\\n         transport_test.go\\\\n         tree.go\\\\n         tree_test.go\\\\n         vendor/\\\\n         walk.go\\\\n         wrapper.c\\\"\\n+      ],\\n+      \\\"count\\\": 103\\n+    }\\n+  }\\n+}\\n+debug 2025/06/17 13:50:34 Received CLI command: {\\n+  \\\"requestId\\\": \\\"74339702-9d6a-48c3-bfe4-c30fec0ced5e\\\",\\n+  \\\"Payload\\\": {\\n+    \\\"FileRequest\\\": {\\n+      \\\"workspaceSessionId\\\": \\\"cli:744\\\",\\n+      \\\"file\\\": \\\"fib.go\\\"\\n+    }\\n+  }\\n+}\\n+debug 2025/06/17 13:50:34 Received CLI command requestId:\\\"74339702-9d6a-48c3-bfe4-c30fec0ced5e\\\" file_request:{workspaceSessionId:\\\"cli:744\\\" file:\\\"fib.go\\\"}\\n+debug 2025/06/17 13:50:34 Sending result: {\\n+  \\\"requestId\\\": \\\"74339702-9d6a-48c3-bfe4-c30fec0ced5e\\\",\\n+  \\\"Payload\\\": {\\n+    \\\"FileResponse\\\": {}\\n+  }\\n+}\\n+debug 2025/06/17 13:50:38 Received CLI command: {\\n+  \\\"requestId\\\": \\\"9ff0f55b-5cbc-43a0-b77b-0549b9f1214c\\\",\\n+  \\\"Payload\\\": {\\n+    \\\"ApplyCodeChangeRequest\\\": {\\n+      \\\"workspaceSessionId\\\": \\\"cli:744\\\",\\n+      \\\"change\\\": \\\"\\\\u003cbof\\\\u003e\\\\n// fib.go\\\\n// Package main provides a Fibonacci sequence generator using Go channels.\\\\npackage main\\\\n\\\\nimport \\\\\\\"fmt\\\\\\\"\\\\n\\\\n// FibGenerator returns a channel that produces Fibonacci numbers up to n values.\\\\n// If n is 0, it generates an infinite sequence (caller must break).\\\\nfunc FibGenerator(n int) \\\\u003c-chan int {\\\\n\\\\tch := make(chan int)\\\\n\\\\tgo func() {\\\\n\\\\t\\\\tdefer close(ch)\\\\n\\\\t\\\\ta, b := 0, 1\\\\n\\\\t\\\\tcount := 0\\\\n\\\\t\\\\tfor {\\\\n\\\\t\\\\t\\\\tif n \\\\u003e 0 \\\\u0026\\\\u0026 count \\\\u003e= n {\\\\n\\\\t\\\\t\\\\t\\\\treturn\\\\n\\\\t\\\\t\\\\t}\\\\n\\\\t\\\\t\\\\tch \\\\u003c- a\\\\n\\\\t\\\\t\\\\ta, b = b, a+b\\\\n\\\\t\\\\t\\\\tcount++\\\\n\\\\t\\\\t}\\\\n\\\\t}()\\\\n\\\\treturn ch\\\\n}\\\\n\\\\n// Example usage\\\\nfunc main() {\\\\n\\\\tfmt.Println(\\\\\\\"First 10 Fibonacci numbers:\\\\\\\")\\\\n\\\\tfor num := range FibGenerator(10) {\\\\n\\\\t\\\\tfmt.Print(num, \\\\\\\" \\\\\\\")\\\\n\\\\t}\\\\n\\\\tfmt.Println()\\\\n}\\\\n\\\\n\\\\u003ceof\\\\u003e\\\",\\n+      \\\"contextLinesLength\\\": 15,\\n+      \\\"filePath\\\": \\\"fib.go\\\"\\n+    }\\n+  }\\n+}\\n+debug 2025/06/17 13:50:38 Received CLI command requestId:\\\"9ff0f55b-5cbc-43a0-b77b-0549b9f1214c\\\" apply_code_change_request:{workspaceSessionId:\\\"cli:744\\\" change:\\\"\\u003cbof\\u003e\\\\n// fib.go\\\\n// Package main provides a Fibonacci sequence generator using Go channels.\\\\npackage main\\\\n\\\\nimport \\\\\\\"fmt\\\\\\\"\\\\n\\\\n// FibGenerator returns a channel that produces Fibonacci numbers up to n values.\\\\n// If n is 0, it generates an infinite sequence (caller must break).\\\\nfunc FibGenerator(n int) \\u003c-chan int {\\\\n\\\\tch := make(chan int)\\\\n\\\\tgo func() {\\\\n\\\\t\\\\tdefer close(ch)\\\\n\\\\t\\\\ta, b := 0, 1\\\\n\\\\t\\\\tcount := 0\\\\n\\\\t\\\\tfor {\\\\n\\\\t\\\\t\\\\tif n \\u003e 0 \\u0026\\u0026 count \\u003e= n {\\\\n\\\\t\\\\t\\\\t\\\\treturn\\\\n\\\\t\\\\t\\\\t}\\\\n\\\\t\\\\t\\\\tch \\u003c- a\\\\n\\\\t\\\\t\\\\ta, b = b, a+b\\\\n\\\\t\\\\t\\\\tcount++\\\\n\\\\t\\\\t}\\\\n\\\\t}()\\\\n\\\\treturn ch\\\\n}\\\\n\\\\n// Example usage\\\\nfunc main() {\\\\n\\\\tfmt.Println(\\\\\\\"First 10 Fibonacci numbers:\\\\\\\")\\\\n\\\\tfor num := range FibGenerator(10) {\\\\n\\\\t\\\\tfmt.Print(num, \\\\\\\" \\\\\\\")\\\\n\\\\t}\\\\n\\\\tfmt.Println()\\\\n}\\\\n\\\\n\\u003ceof\\u003e\\\" contextLinesLength:15 filePath:\\\"fib.go\\\"}\\ndiff --git a/fib.go b/fib.go\\nnew file mode 100644\\nindex 0000000..43dab1b\\n--- /dev/null\\n+++ b/fib.go\\n@@ -0,0 +1,34 @@\\n+// fib.go\\n+// Package main provides a Fibonacci sequence generator using Go channels.\\n+package main\\n+\\n+import \\\"fmt\\\"\\n+\\n+// FibGenerator returns a channel that produces Fibonacci numbers up to n values.\\n+// If n is 0, it generates an infinite sequence (caller must break).\\n+func FibGenerator(n int) \\u003c-chan int {\\n+\\tch := make(chan int)\\n+\\tgo func() {\\n+\\t\\tdefer close(ch)\\n+\\t\\ta, b := 0, 1\\n+\\t\\tcount := 0\\n+\\t\\tfor {\\n+\\t\\t\\tif n \\u003e 0 \\u0026\\u0026 count \\u003e= n {\\n+\\t\\t\\t\\treturn\\n+\\t\\t\\t}\\n+\\t\\t\\tch \\u003c- a\\n+\\t\\t\\ta, b = b, a+b\\n+\\t\\t\\tcount++\\n+\\t\\t}\\n+\\t}()\\n+\\treturn ch\\n+}\\n+\\n+// Example usage\\n+func main() {\\n+\\tfmt.Println(\\\"First 10 Fibonacci numbers:\\\")\\n+\\tfor num := range FibGenerator(10) {\\n+\\t\\tfmt.Print(num, \\\" \\\")\\n+\\t}\\n+\\tfmt.Println()\\n+}\\n\"\n+    }\n+  }\n+}\n+debug 2025/06/17 13:50:38 Received CLI command: {\n+  \"requestId\": \"65336c7d-9c28-44df-a7b3-9c02ad1f33af\",\n+  \"Payload\": {\n+    \"ApplyCodeChangeRequest\": {\n+      \"workspaceSessionId\": \"cli:744\",\n+      \"change\": \"\\u003cbof\\u003e\\n// fib.go\\n// Package main provides a Fibonacci sequence generator using Go channels.\\npackage main\\n\\nimport \\\"fmt\\\"\\n\\n// FibGenerator returns a channel that produces Fibonacci numbers up to n values.\\n// If n is 0, it generates an infinite sequence (caller must break).\\nfunc FibGenerator(n int) \\u003c-chan int {\\n\\tch := make(chan int)\\n\\tgo func() {\\n\\t\\tdefer close(ch)\\n\\t\\ta, b := 0, 1\\n\\t\\tcount := 0\\n\\t\\tfor {\\n\\t\\t\\tif n \\u003e 0 \\u0026\\u0026 count \\u003e= n {\\n\\t\\t\\t\\treturn\\n\\t\\t\\t}\\n\\t\\t\\tch \\u003c- a\\n\\t\\t\\ta, b = b, a+b\\n\\t\\t\\tcount++\\n\\t\\t}\\n\\t}()\\n\\treturn ch\\n}\\n\\n// Example usage\\nfunc main() {\\n\\tfmt.Println(\\\"First 10 Fibonacci numbers:\\\")\\n\\tfor num := range FibGenerator(10) {\\n\\t\\tfmt.Print(num, \\\" \\\")\\n\\t}\\n\\tfmt.Println()\\n}\\n\\u003ceof\\u003e\",\n+      \"contextLinesLength\": 15,\n+      \"filePath\": \"fib.go\"\n+    }\n+  }\n+}\n+debug 2025/06/17 13:50:38 Received CLI command requestId:\"65336c7d-9c28-44df-a7b3-9c02ad1f33af\" apply_code_change_request:{workspaceSessionId:\"cli:744\" change:\"\u003cbof\u003e\\n// fib.go\\n// Package main provides a Fibonacci sequence generator using Go channels.\\npackage main\\n\\nimport \\\"fmt\\\"\\n\\n// FibGenerator returns a channel that produces Fibonacci numbers up to n values.\\n// If n is 0, it generates an infinite sequence (caller must break).\\nfunc FibGenerator(n int) \u003c-chan int {\\n\\tch := make(chan int)\\n\\tgo func() {\\n\\t\\tdefer close(ch)\\n\\t\\ta, b := 0, 1\\n\\t\\tcount := 0\\n\\t\\tfor {\\n\\t\\t\\tif n \u003e 0 \u0026\u0026 count \u003e= n {\\n\\t\\t\\t\\treturn\\n\\t\\t\\t}\\n\\t\\t\\tch \u003c- a\\n\\t\\t\\ta, b = b, a+b\\n\\t\\t\\tcount++\\n\\t\\t}\\n\\t}()\\n\\treturn ch\\n}\\n\\n// Example usage\\nfunc main() {\\n\\tfmt.Println(\\\"First 10 Fibonacci numbers:\\\")\\n\\tfor num := range FibGenerator(10) {\\n\\t\\tfmt.Print(num, \\\" \\\")\\n\\t}\\n\\tfmt.Println()\\n}\\n\u003ceof\u003e\" contextLinesLength:15 filePath:\"fib.go\"}\ndiff --git a/fib.go b/fib.go\nnew file mode 100644\nindex 0000000..1d4e08d\n--- /dev/null\n+++ b/fib.go\n@@ -0,0 +1,34 @@\n+// fib.go\n+// Package main provides a Fibonacci sequence generator using Go channels.\n+package main\n+\n+import \"fmt\"\n+\n+// FibGenerator returns a channel that produces Fibonacci numbers up to n values.\n+// If n is 0, it generates an infinite sequence (caller must break).\n+func FibGenerator(n int) \u003c-chan int {\n+\tch := make(chan int)\n+\tgo func() {\n+\t\tdefer close(ch)\n+\t\ta, b := 0, 1\n+\t\tcount := 0\n+\t\tfor {\n+\t\t\tif n \u003e 0 \u0026\u0026 count \u003e= n {\n+\t\t\t\treturn\n+\t\t\t}\n+\t\t\tch \u003c- a\n+\t\t\ta, b = b, a+b\n+\t\t\tcount++\n+\t\t}\n+\t}()\n+\treturn ch\n+}\n+\n+// Example usage\n+func main() {\n+\tfmt.Println(\"First 10 Fibonacci numbers:\")\n+\tfor num := range FibGenerator(10) {\n+\t\tfmt.Print(num, \" \")\n+\t}\n+\tfmt.Println()\n+}\n\\ No newline at end of file\n",
      "correctedStatus": 1
    }
  }
}
debug 2025/06/17 13:50:38 Received CLI command: {
  "requestId": "f73abb14-9b29-488f-aab4-13eab503ab8f",
  "Payload": {
    "StageChangesRequest": {
      "workspaceSessionId": "cli:744"
    }
  }
}
debug 2025/06/17 13:50:38 Received CLI command requestId:"f73abb14-9b29-488f-aab4-13eab503ab8f" stage_changes_request:{workspaceSessionId:"cli:744"}
